sim_step,Δ,δ,c,per_infected,βd,βₑ,βᵢ,γₑ,γₐ,avg_he_size,avg_degree,avg_direct_contacts,new_users,moved_users,perc_infected_users,perc_infected_locations
1,4,60000 milliseconds,5,20,0.0,0.06,0.1,0.1,0.06,0.02811888236340986,0.29313543599257885,Inf,114,58,0.1836734693877551,0.0
2,4,60000 milliseconds,5,20,0.0,0.06,0.1,0.1,0.06,0.02794091475351486,0.2912801484230056,64.5,15,30,0.18181818181818182,0.0001779676098949991
3,4,60000 milliseconds,5,20,0.0,0.06,0.1,0.1,0.06,0.02402562733582488,0.2504638218923933,65.5,2,4,0.18181818181818182,0.0
4,4,60000 milliseconds,5,20,0.0,0.06,0.1,0.1,0.06,0.02811888236340986,0.29313543599257885,73.5,16,12,0.17996289424860853,0.0
5,4,60000 milliseconds,5,20,0.0,0.06,0.1,0.1,0.06,0.03897490656700481,0.40630797773654914,85.5,24,50,0.17810760667903525,0.0
6,4,60000 milliseconds,5,20,0.0,0.06,0.1,0.1,0.06,0.04591564335290977,0.47866419294990725,34.166666666666664,34,55,0.1725417439703154,0.0001779676098949991
7,4,60000 milliseconds,5,20,0.0,0.06,0.1,0.1,0.06,0.06531411283146467,0.6808905380333952,29.5,31,141,0.17068645640074212,0.0001779676098949991
8,4,60000 milliseconds,5,20,0.0,0.06,0.1,0.1,0.06,0.05018686599038975,0.5231910946196661,Inf,14,34,0.16512059369202226,0.0001779676098949991
9,4,60000 milliseconds,5,20,0.0,0.06,0.1,0.1,0.06,0.044847837693539776,0.4675324675324675,Inf,0,2,0.16326530612244897,0.0001779676098949991
10,4,60000 milliseconds,5,20,0.0,0.06,0.1,0.1,0.06,0.048585157501334755,0.5064935064935064,Inf,1,23,0.1614100185528757,0.0001779676098949991
11,4,60000 milliseconds,5,20,0.0,0.06,0.1,0.1,0.06,0.05410215340807973,0.5640074211502782,Inf,5,53,0.15769944341372913,0.0003559352197899982
12,4,60000 milliseconds,5,20,0.0,0.06,0.1,0.1,0.06,0.06371240434240968,0.6641929499072357,34.125,17,96,0.15213358070500926,0.0003559352197899982
13,4,60000 milliseconds,5,20,0.0,0.06,0.1,0.1,0.06,0.08186510055169958,0.8534322820037106,24.583333333333332,22,170,0.14471243042671614,0.0005339028296849973
14,4,60000 milliseconds,5,20,0.0,0.06,0.1,0.1,0.06,0.07083110873820965,0.738404452690167,50.666666666666664,9,101,0.14656771799628943,0.0007118704395799964
15,4,60000 milliseconds,5,20,0.0,0.06,0.1,0.1,0.06,0.05588182950702972,0.5825602968460112,76.25,1,10,0.14656771799628943,0.0007118704395799964
16,4,60000 milliseconds,5,20,0.0,0.06,0.1,0.1,0.06,0.059619149314824704,0.62152133580705,51.333333333333336,3,29,0.14285714285714285,0.0007118704395799964
17,4,60000 milliseconds,5,20,0.0,0.06,0.1,0.1,0.06,0.07172094678768465,0.7476808905380334,38.625,1,100,0.14100185528756956,0.0005339028296849973
18,4,60000 milliseconds,5,20,0.0,0.06,0.1,0.1,0.06,0.0786616835735896,0.8200371057513914,53.333333333333336,11,133,0.1391465677179963,0.0007118704395799964
19,4,60000 milliseconds,5,20,0.0,0.06,0.1,0.1,0.06,0.08560242035949457,0.8923933209647495,Inf,9,166,0.13358070500927643,0.0005339028296849973
20,4,60000 milliseconds,5,20,0.0,0.06,0.1,0.1,0.06,0.07189891439757964,0.7495361781076066,166.0,3,82,0.13358070500927643,0.0005339028296849973
21,4,60000 milliseconds,5,20,0.0,0.06,0.1,0.1,0.06,0.06104289019398469,0.6363636363636364,166.0,0,18,0.12987012987012986,0.0007118704395799964
22,4,60000 milliseconds,5,20,0.0,0.06,0.1,0.1,0.06,0.06228866346324969,0.6493506493506493,Inf,0,26,0.1261595547309833,0.0007118704395799964
23,4,60000 milliseconds,5,20,0.0,0.06,0.1,0.1,0.06,0.0802633920626446,0.8367346938775511,169.5,7,114,0.12430426716141002,0.0007118704395799964
24,4,60000 milliseconds,5,20,0.0,0.06,0.1,0.1,0.06,0.08168713294180459,0.8515769944341373,172.0,5,119,0.12430426716141002,0.0007118704395799964
25,4,60000 milliseconds,5,20,0.0,0.06,0.1,0.1,0.06,0.0786616835735896,0.8200371057513914,173.0,2,100,0.12430426716141002,0.0005339028296849973
26,4,60000 milliseconds,5,20,0.0,0.06,0.1,0.1,0.06,0.06424630717209467,0.6697588126159555,173.0,0,19,0.12430426716141002,0.0005339028296849973
27,4,60000 milliseconds,5,20,0.0,0.06,0.1,0.1,0.06,0.06157679302366969,0.6419294990723562,173.0,0,0,0.11873840445269017,0.0005339028296849973
28,4,60000 milliseconds,5,20,0.0,0.06,0.1,0.1,0.06,0.06567004805125468,0.6846011131725418,173.5,1,28,0.11688311688311688,0.0005339028296849973
29,4,60000 milliseconds,5,20,0.0,0.06,0.1,0.1,0.06,0.07065314112831465,0.7365491651205937,174.5,2,50,0.11688311688311688,0.0005339028296849973
30,4,60000 milliseconds,5,20,0.0,0.06,0.1,0.1,0.06,0.07794981313400962,0.8126159554730983,88.75,6,87,0.11688311688311688,0.0005339028296849973
31,4,60000 milliseconds,5,20,0.0,0.06,0.1,0.1,0.06,0.08560242035949457,0.8923933209647495,90.0,5,127,0.1150278293135436,0.0003559352197899982
32,4,60000 milliseconds,5,20,0.0,0.06,0.1,0.1,0.06,0.07047517351841964,0.7346938775510204,Inf,2,38,0.11317254174397032,0.0003559352197899982
33,4,60000 milliseconds,5,20,0.0,0.06,0.1,0.1,0.06,0.06442427478198967,0.6716141001855288,Inf,0,1,0.11131725417439703,0.0003559352197899982
34,4,60000 milliseconds,5,20,0.0,0.06,0.1,0.1,0.06,0.06851752980957465,0.7142857142857143,Inf,2,22,0.11131725417439703,0.0003559352197899982
35,4,60000 milliseconds,5,20,0.0,0.06,0.1,0.1,0.06,0.07901761879337961,0.8237476808905381,Inf,3,81,0.10946196660482375,0.0003559352197899982
36,4,60000 milliseconds,5,20,0.0,0.06,0.1,0.1,0.06,0.0811532301121196,0.8460111317254174,92.0,1,96,0.10575139146567718,0.0003559352197899982
37,4,60000 milliseconds,5,20,0.0,0.06,0.1,0.1,0.06,0.09165331909592454,0.9554730983302412,61.833333333333336,3,153,0.10575139146567718,0.0005339028296849973
38,4,60000 milliseconds,5,20,0.0,0.06,0.1,0.1,0.06,0.07100907634810465,0.7402597402597403,186.0,1,30,0.10204081632653061,0.0003559352197899982
39,4,60000 milliseconds,5,20,0.0,0.06,0.1,0.1,0.06,0.06620395088093967,0.6901669758812616,186.0,0,0,0.10204081632653061,0.0003559352197899982
40,4,60000 milliseconds,5,20,0.0,0.06,0.1,0.1,0.06,0.07118704395799964,0.7421150278293135,186.5,1,28,0.10018552875695733,0.0005339028296849973
41,4,60000 milliseconds,5,20,0.0,0.06,0.1,0.1,0.06,0.07652607225484961,0.7977736549165121,93.25,0,65,0.09833024118738404,0.0007118704395799964
42,4,60000 milliseconds,5,20,0.0,0.06,0.1,0.1,0.06,0.0820430681615946,0.8552875695732839,62.5,2,93,0.09647495361781076,0.0007118704395799964
43,4,60000 milliseconds,5,20,0.0,0.06,0.1,0.1,0.06,0.08880583733760455,0.9257884972170687,47.0,1,129,0.09461966604823747,0.0005339028296849973
44,4,60000 milliseconds,5,20,0.0,0.06,0.1,0.1,0.06,0.07350062288663463,0.7662337662337663,94.5,2,41,0.09276437847866419,0.0005339028296849973
45,4,60000 milliseconds,5,20,0.0,0.06,0.1,0.1,0.06,0.06798362697988966,0.7087198515769945,189.0,0,4,0.09090909090909091,0.0003559352197899982
46,4,60000 milliseconds,5,20,0.0,0.06,0.1,0.1,0.06,0.07154297917778964,0.7458256029684601,189.5,1,23,0.09090909090909091,0.0003559352197899982
47,4,60000 milliseconds,5,20,0.0,0.06,0.1,0.1,0.06,0.0806193272824346,0.8404452690166976,190.5,2,75,0.09090909090909091,0.0005339028296849973
48,4,60000 milliseconds,5,20,0.0,0.06,0.1,0.1,0.06,0.08471258231001957,0.8831168831168831,Inf,2,99,0.08719851576994433,0.0005339028296849973
49,4,60000 milliseconds,5,20,0.0,0.06,0.1,0.1,0.06,0.09272112475529454,0.9666048237476809,193.5,4,144,0.08348794063079777,0.0003559352197899982
50,4,60000 milliseconds,5,20,0.0,0.06,0.1,0.1,0.06,0.07812778074390461,0.8144712430426716,196.0,5,69,0.08163265306122448,0.0003559352197899982
51,4,60000 milliseconds,5,20,0.0,0.06,0.1,0.1,0.06,0.07118704395799964,0.7421150278293135,196.5,1,8,0.08163265306122448,0.0001779676098949991
52,4,60000 milliseconds,5,20,0.0,0.06,0.1,0.1,0.06,0.07350062288663463,0.7662337662337663,197.0,1,21,0.08163265306122448,0.0
53,4,60000 milliseconds,5,20,0.0,0.06,0.1,0.1,0.06,0.08417867948033458,0.8775510204081632,198.0,2,82,0.08163265306122448,0.0
54,4,60000 milliseconds,5,20,0.0,0.06,0.1,0.1,0.06,0.09236518953550454,0.9628942486085343,99.75,3,131,0.07792207792207792,0.0
55,4,60000 milliseconds,5,20,0.0,0.06,0.1,0.1,0.06,0.10322121373909948,1.0760667903525047,67.0,3,195,0.07606679035250463,0.0001779676098949991
56,4,60000 milliseconds,5,20,0.0,0.06,0.1,0.1,0.06,0.08898380494749955,0.9276437847866419,50.5,2,103,0.07235621521335807,0.0001779676098949991
57,4,60000 milliseconds,5,20,0.0,0.06,0.1,0.1,0.06,0.07421249332621463,0.7736549165120594,67.33333333333333,0,13,0.07050092764378478,0.0003559352197899982
58,4,60000 milliseconds,5,20,0.0,0.06,0.1,0.1,0.06,0.07581420181526963,0.7903525046382189,101.0,0,25,0.07050092764378478,0.0003559352197899982
59,4,60000 milliseconds,5,20,0.0,0.06,0.1,0.1,0.06,0.08951770777718455,0.9332096474953617,67.83333333333333,3,104,0.07050092764378478,0.0003559352197899982
60,4,60000 milliseconds,5,20,0.0,0.06,0.1,0.1,0.06,0.10322121373909948,1.0760667903525047,68.33333333333333,3,177,0.07050092764378478,0.0005339028296849973
61,4,60000 milliseconds,5,20,0.0,0.06,0.1,0.1,0.06,0.10126357003025449,1.0556586270871986,208.5,7,157,0.07050092764378478,0.0007118704395799964
62,4,60000 milliseconds,5,20,0.0,0.06,0.1,0.1,0.06,0.08916177255739455,0.9294990723562152,70.0,3,88,0.06679035250463822,0.0005339028296849973
63,4,60000 milliseconds,5,20,0.0,0.06,0.1,0.1,0.06,0.07599216942516462,0.7922077922077922,210.0,0,8,0.06679035250463822,0.0005339028296849973
64,4,60000 milliseconds,5,20,0.0,0.06,0.1,0.1,0.06,0.07830574835379961,0.8163265306122449,210.5,1,19,0.06679035250463822,0.0005339028296849973
65,4,60000 milliseconds,5,20,0.0,0.06,0.1,0.1,0.06,0.09432283324434952,0.9833024118738405,106.0,3,110,0.06307977736549165,0.0005339028296849973
66,4,60000 milliseconds,5,20,0.0,0.06,0.1,0.1,0.06,0.09645844456308952,1.0055658627087198,71.0,2,131,0.06307977736549165,0.0005339028296849973
67,4,60000 milliseconds,5,20,0.0,0.06,0.1,0.1,0.06,0.09325502758497953,0.9721706864564007,Inf,0,114,0.061224489795918366,0.0005339028296849973
68,4,60000 milliseconds,5,20,0.0,0.06,0.1,0.1,0.06,0.0804413596725396,0.8385899814471243,Inf,0,26,0.059369202226345084,0.0005339028296849973
69,4,60000 milliseconds,5,20,0.0,0.06,0.1,0.1,0.06,0.07688200747463962,0.8014842300556586,Inf,0,8,0.061224489795918366,0.0005339028296849973
70,4,60000 milliseconds,5,20,0.0,0.06,0.1,0.1,0.06,0.0784837159636946,0.8181818181818182,Inf,0,16,0.059369202226345084,0.0005339028296849973
71,4,60000 milliseconds,5,20,0.0,0.06,0.1,0.1,0.06,0.08560242035949457,0.8923933209647495,Inf,0,60,0.061224489795918366,0.0005339028296849973
72,4,60000 milliseconds,5,20,0.0,0.06,0.1,0.1,0.06,0.08667022601886457,0.9035250463821892,Inf,0,62,0.059369202226345084,0.0005339028296849973
73,4,60000 milliseconds,5,20,0.0,0.06,0.1,0.1,0.06,0.09165331909592454,0.9554730983302412,71.33333333333333,2,98,0.059369202226345084,0.0005339028296849973
74,4,60000 milliseconds,5,20,0.0,0.06,0.1,0.1,0.06,0.08222103577148959,0.8571428571428571,107.0,0,37,0.0575139146567718,0.0005339028296849973
75,4,60000 milliseconds,5,20,0.0,0.06,0.1,0.1,0.06,0.07670403986474461,0.7996289424860853,214.5,1,2,0.055658627087198514,0.0005339028296849973
76,4,60000 milliseconds,5,20,0.0,0.06,0.1,0.1,0.06,0.0804413596725396,0.8385899814471243,214.5,0,28,0.0575139146567718,0.0003559352197899982
77,4,60000 milliseconds,5,20,0.0,0.06,0.1,0.1,0.06,0.08595835557928456,0.8961038961038961,214.5,0,59,0.055658627087198514,0.0003559352197899982
78,4,60000 milliseconds,5,20,0.0,0.06,0.1,0.1,0.06,0.09040754582665955,0.9424860853432282,71.66666666666667,1,85,0.055658627087198514,0.0001779676098949991
79,4,60000 milliseconds,5,20,0.0,0.06,0.1,0.1,0.06,0.09645844456308952,1.0055658627087198,108.25,3,119,0.055658627087198514,0.0003559352197899982
80,4,60000 milliseconds,5,20,0.0,0.06,0.1,0.1,0.06,0.08328884143085959,0.8682745825602969,108.5,1,36,0.05380333951762523,0.0003559352197899982
81,4,60000 milliseconds,5,20,0.0,0.06,0.1,0.1,0.06,0.07794981313400962,0.8126159554730983,108.5,0,5,0.05380333951762523,0.0003559352197899982
82,4,60000 milliseconds,5,20,0.0,0.06,0.1,0.1,0.06,0.0809752625022246,0.8441558441558441,108.5,0,22,0.05380333951762523,0.0003559352197899982
83,4,60000 milliseconds,5,20,0.0,0.06,0.1,0.1,0.06,0.08827193450791956,0.9202226345083488,218.0,2,63,0.05380333951762523,0.0003559352197899982
84,4,60000 milliseconds,5,20,0.0,0.06,0.1,0.1,0.06,0.09272112475529454,0.9666048237476809,109.75,3,94,0.05194805194805195,0.0003559352197899982
85,4,60000 milliseconds,5,20,0.0,0.06,0.1,0.1,0.06,0.10250934329951948,1.0686456400742115,31.5,2,147,0.05194805194805195,0.0003559352197899982
86,4,60000 milliseconds,5,20,0.0,0.06,0.1,0.1,0.06,0.08809396689802455,0.9183673469387755,27.5625,0,59,0.05009276437847866,0.0001779676098949991
87,4,60000 milliseconds,5,20,0.0,0.06,0.1,0.1,0.06,0.07901761879337961,0.8237476808905381,36.75,0,3,0.05009276437847866,0.0001779676098949991
88,4,60000 milliseconds,5,20,0.0,0.06,0.1,0.1,0.06,0.08222103577148959,0.8571428571428571,44.2,1,27,0.05009276437847866,0.0
89,4,60000 milliseconds,5,20,0.0,0.06,0.1,0.1,0.06,0.09040754582665955,0.9424860853432282,37.0,2,72,0.05009276437847866,0.0
90,4,60000 milliseconds,5,20,0.0,0.06,0.1,0.1,0.06,0.09734828261256451,1.0148423005565863,223.0,2,106,0.04823747680890538,0.0
91,4,60000 milliseconds,5,20,0.0,0.06,0.1,0.1,0.06,0.10446698700836447,1.0890538033395176,56.5,6,140,0.04823747680890538,0.0
92,4,60000 milliseconds,5,20,0.0,0.06,0.1,0.1,0.06,0.08738209645844457,0.9109461966604824,45.2,0,42,0.04638218923933209,0.0
93,4,60000 milliseconds,5,20,0.0,0.06,0.1,0.1,0.06,0.0811532301121196,0.8460111317254174,56.5,0,4,0.04638218923933209,0.0
94,4,60000 milliseconds,5,20,0.0,0.06,0.1,0.1,0.06,0.08489054991991457,0.8849721706864564,45.4,2,28,0.04638218923933209,0.0001779676098949991
95,4,60000 milliseconds,5,20,0.0,0.06,0.1,0.1,0.06,0.09521267129382452,0.9925788497217068,32.57142857142857,2,81,0.04452690166975881,0.0
96,4,60000 milliseconds,5,20,0.0,0.06,0.1,0.1,0.06,0.09717031500266951,1.0129870129870129,38.166666666666664,2,94,0.04452690166975881,0.0
97,4,60000 milliseconds,5,20,0.0,0.06,0.1,0.1,0.06,0.11122975618437445,1.1595547309833023,32.785714285714285,1,171,0.04452690166975881,0.0
98,4,60000 milliseconds,5,20,0.0,0.06,0.1,0.1,0.06,0.0994838939313045,1.0371057513914657,114.75,0,107,0.04452690166975881,0.0
99,4,60000 milliseconds,5,20,0.0,0.06,0.1,0.1,0.06,0.08239900338138459,0.8589981447124304,114.75,0,4,0.04267161410018553,0.0
100,4,60000 milliseconds,5,20,0.0,0.06,0.1,0.1,0.06,0.08631429079907457,0.8998144712430427,114.75,0,27,0.04267161410018553,0.0
101,4,60000 milliseconds,5,20,0.0,0.06,0.1,0.1,0.06,0.09592454173340452,1.0,76.5,0,86,0.04081632653061224,0.0
102,4,60000 milliseconds,5,20,0.0,0.06,0.1,0.1,0.06,0.10375511656878449,1.0816326530612246,77.0,3,128,0.04081632653061224,0.0
103,4,60000 milliseconds,5,20,0.0,0.06,0.1,0.1,0.06,0.10215340807972949,1.0649350649350648,58.0,2,115,0.04081632653061224,0.0
104,4,60000 milliseconds,5,20,0.0,0.06,0.1,0.1,0.06,0.09610250934329952,1.0018552875695732,46.4,0,79,0.03896103896103896,0.0
105,4,60000 milliseconds,5,20,0.0,0.06,0.1,0.1,0.06,0.08364477665064958,0.8719851576994434,58.0,0,7,0.03896103896103896,0.0
106,4,60000 milliseconds,5,20,0.0,0.06,0.1,0.1,0.06,0.08595835557928456,0.8961038961038961,58.0,0,19,0.03896103896103896,0.0
107,4,60000 milliseconds,5,20,0.0,0.06,0.1,0.1,0.06,0.09628047695319451,1.0037105751391466,58.25,2,79,0.03896103896103896,0.0001779676098949991
108,4,60000 milliseconds,5,20,0.0,0.06,0.1,0.1,0.06,0.0982381206620395,1.0241187384044528,58.375,1,90,0.03896103896103896,0.0001779676098949991
109,4,60000 milliseconds,5,20,0.0,0.06,0.1,0.1,0.06,0.10286527851930949,1.072356215213358,46.7,0,116,0.03525046382189239,0.0001779676098949991
110,4,60000 milliseconds,5,20,0.0,0.06,0.1,0.1,0.06,0.09343299519487454,0.974025974025974,77.83333333333333,0,62,0.03525046382189239,0.0001779676098949991
111,4,60000 milliseconds,5,20,0.0,0.06,0.1,0.1,0.06,0.08400071187043957,0.87569573283859,233.5,0,5,0.03153988868274583,0.0001779676098949991
112,4,60000 milliseconds,5,20,0.0,0.06,0.1,0.1,0.06,0.08542445274959957,0.8905380333951762,116.75,0,14,0.03153988868274583,0.0001779676098949991
113,4,60000 milliseconds,5,20,0.0,0.06,0.1,0.1,0.06,0.1005516995906745,1.0482374768089053,77.83333333333333,0,104,0.03153988868274583,0.0001779676098949991
114,4,60000 milliseconds,5,20,0.0,0.06,0.1,0.1,0.06,0.09859405588182951,1.0278293135435992,116.75,0,97,0.029684601113172542,0.0001779676098949991
115,4,60000 milliseconds,5,20,0.0,0.06,0.1,0.1,0.06,0.09752625022245952,1.0166975881261595,235.0,3,86,0.03339517625231911,0.0001779676098949991
116,4,60000 milliseconds,5,20,0.0,0.06,0.1,0.1,0.06,0.08809396689802455,0.9183673469387755,78.33333333333333,0,28,0.03339517625231911,0.0001779676098949991
117,4,60000 milliseconds,5,20,0.0,0.06,0.1,0.1,0.06,0.08489054991991457,0.8849721706864564,78.33333333333333,0,8,0.03153988868274583,0.0001779676098949991
118,4,60000 milliseconds,5,20,0.0,0.06,0.1,0.1,0.06,0.08862786972770956,0.9239332096474954,78.33333333333333,0,29,0.03153988868274583,0.0001779676098949991
119,4,60000 milliseconds,5,20,0.0,0.06,0.1,0.1,0.06,0.09681437978287952,1.0092764378478665,117.75,1,73,0.03153988868274583,0.0001779676098949991
120,4,60000 milliseconds,5,20,0.0,0.06,0.1,0.1,0.06,0.09663641217298452,1.007421150278293,118.0,1,76,0.03153988868274583,0.0001779676098949991
121,4,60000 milliseconds,5,20,0.0,0.06,0.1,0.1,0.06,0.10233137568962448,1.0667903525046383,59.0,0,110,0.029684601113172542,0.0001779676098949991
122,4,60000 milliseconds,5,20,0.0,0.06,0.1,0.1,0.06,0.09200925431571454,0.9591836734693877,39.416666666666664,1,46,0.029684601113172542,0.0001779676098949991
123,4,60000 milliseconds,5,20,0.0,0.06,0.1,0.1,0.06,0.08506851752980958,0.8868274582560297,59.125,0,6,0.029684601113172542,0.0001779676098949991
124,4,60000 milliseconds,5,20,0.0,0.06,0.1,0.1,0.06,0.08809396689802455,0.9183673469387755,59.125,0,25,0.029684601113172542,0.0001779676098949991
125,4,60000 milliseconds,5,20,0.0,0.06,0.1,0.1,0.06,0.09539063890371953,0.9944341372912802,47.4,1,64,0.029684601113172542,0.0001779676098949991
126,4,60000 milliseconds,5,20,0.0,0.06,0.1,0.1,0.06,0.1005516995906745,1.0482374768089053,47.7,3,97,0.027829313543599257,0.0
127,4,60000 milliseconds,5,20,0.0,0.06,0.1,0.1,0.06,0.10873820964584445,1.1335807050092765,29.9375,2,143,0.027829313543599257,0.0
128,4,60000 milliseconds,5,20,0.0,0.06,0.1,0.1,0.06,0.09307705997508453,0.9703153988868275,47.9,0,48,0.025974025974025976,0.0
129,4,60000 milliseconds,5,20,0.0,0.06,0.1,0.1,0.06,0.08613632318917958,0.8979591836734694,48.0,1,4,0.025974025974025976,0.0
130,4,60000 milliseconds,5,20,0.0,0.06,0.1,0.1,0.06,0.08951770777718455,0.9332096474953617,48.0,0,26,0.025974025974025976,0.0
131,4,60000 milliseconds,5,20,0.0,0.06,0.1,0.1,0.06,0.09592454173340452,1.0,48.0,0,64,0.025974025974025976,0.0
132,4,60000 milliseconds,5,20,0.0,0.06,0.1,0.1,0.06,0.1000177967609895,1.0426716141001855,60.125,1,88,0.025974025974025976,0.0
133,4,60000 milliseconds,5,20,0.0,0.06,0.1,0.1,0.06,0.11283146467342943,1.176252319109462,34.42857142857143,1,163,0.025974025974025976,0.0
134,4,60000 milliseconds,5,20,0.0,0.06,0.1,0.1,0.06,0.09307705997508453,0.9703153988868275,34.42857142857143,0,44,0.025974025974025976,0.0
135,4,60000 milliseconds,5,20,0.0,0.06,0.1,0.1,0.06,0.08702616123865456,0.9072356215213359,34.42857142857143,0,7,0.025974025974025976,0.0
136,4,60000 milliseconds,5,20,0.0,0.06,0.1,0.1,0.06,0.08880583733760455,0.9257884972170687,30.125,0,20,0.025974025974025976,0.0
137,4,60000 milliseconds,5,20,0.0,0.06,0.1,0.1,0.06,0.09770421783235451,1.018552875695733,30.1875,1,71,0.025974025974025976,0.0001779676098949991
138,4,60000 milliseconds,5,20,0.0,0.06,0.1,0.1,0.06,0.10535682505783947,1.098330241187384,30.5,5,108,0.025974025974025976,0.0001779676098949991
139,4,60000 milliseconds,5,20,0.0,0.06,0.1,0.1,0.06,0.1188823634098594,1.2393320964749537,22.318181818181817,3,188,0.025974025974025976,0.0003559352197899982
140,4,60000 milliseconds,5,20,0.0,0.06,0.1,0.1,0.06,0.10962804769531945,1.1428571428571428,30.8125,2,130,0.025974025974025976,0.0003559352197899982
141,4,60000 milliseconds,5,20,0.0,0.06,0.1,0.1,0.06,0.08880583733760455,0.9257884972170687,49.3,0,6,0.025974025974025976,0.0003559352197899982
142,4,60000 milliseconds,5,20,0.0,0.06,0.1,0.1,0.06,0.09307705997508453,0.9703153988868275,41.083333333333336,0,30,0.025974025974025976,0.0005339028296849973
143,4,60000 milliseconds,5,20,0.0,0.06,0.1,0.1,0.06,0.10909414486563446,1.137291280148423,41.25,2,125,0.025974025974025976,0.0005339028296849973
144,4,60000 milliseconds,5,20,0.0,0.06,0.1,0.1,0.06,0.10962804769531945,1.1428571428571428,35.5,2,125,0.025974025974025976,0.0003559352197899982
145,4,60000 milliseconds,5,20,0.0,0.06,0.1,0.1,0.06,0.11710268731090942,1.2207792207792207,31.0625,0,172,0.02411873840445269,0.0001779676098949991
146,4,60000 milliseconds,5,20,0.0,0.06,0.1,0.1,0.06,0.10393308417867948,1.0834879406307978,41.416666666666664,0,92,0.02411873840445269,0.0001779676098949991
147,4,60000 milliseconds,5,20,0.0,0.06,0.1,0.1,0.06,0.08987364299697455,0.9369202226345084,49.7,0,10,0.02411873840445269,0.0001779676098949991
148,4,60000 milliseconds,5,20,0.0,0.06,0.1,0.1,0.06,0.09343299519487454,0.974025974025974,49.7,0,30,0.02411873840445269,0.0
149,4,60000 milliseconds,5,20,0.0,0.06,0.1,0.1,0.06,0.10998398291510945,1.1465677179962894,49.8,1,129,0.02411873840445269,0.0
150,4,60000 milliseconds,5,20,0.0,0.06,0.1,0.1,0.06,0.11211959423384944,1.1688311688311688,50.1,3,136,0.02411873840445269,0.0
151,4,60000 milliseconds,5,20,0.0,0.06,0.1,0.1,0.06,0.10500088983804948,1.0946196660482375,62.625,0,102,0.02411873840445269,0.0
152,4,60000 milliseconds,5,20,0.0,0.06,0.1,0.1,0.06,0.09254315714539954,0.9647495361781077,62.75,1,20,0.022263450834879406,0.0
153,4,60000 milliseconds,5,20,0.0,0.06,0.1,0.1,0.06,0.08969567538707955,0.935064935064935,62.75,0,2,0.022263450834879406,0.0
154,4,60000 milliseconds,5,20,0.0,0.06,0.1,0.1,0.06,0.09521267129382452,0.9925788497217068,62.875,1,32,0.022263450834879406,0.0
155,4,60000 milliseconds,5,20,0.0,0.06,0.1,0.1,0.06,0.09859405588182951,1.0278293135435992,62.875,0,56,0.022263450834879406,0.0
156,4,60000 milliseconds,5,20,0.0,0.06,0.1,0.1,0.06,0.10464495461825948,1.0909090909090908,84.16666666666667,2,87,0.022263450834879406,0.0
157,4,60000 milliseconds,5,20,0.0,0.06,0.1,0.1,0.06,0.11336536750311443,1.1818181818181819,28.22222222222222,3,133,0.022263450834879406,0.0
158,4,60000 milliseconds,5,20,0.0,0.06,0.1,0.1,0.06,0.09645844456308952,1.0055658627087198,63.75,2,35,0.02040816326530612,0.0001779676098949991
159,4,60000 milliseconds,5,20,0.0,0.06,0.1,0.1,0.06,0.09111941626623954,0.9499072356215214,63.75,0,2,0.02040816326530612,0.0001779676098949991
160,4,60000 milliseconds,5,20,0.0,0.06,0.1,0.1,0.06,0.09574657412350952,0.9981447124304267,51.0,0,31,0.02040816326530612,0.0001779676098949991
161,4,60000 milliseconds,5,20,0.0,0.06,0.1,0.1,0.06,0.1005516995906745,1.0482374768089053,51.2,2,60,0.02040816326530612,0.0001779676098949991
162,4,60000 milliseconds,5,20,0.0,0.06,0.1,0.1,0.06,0.11051788574479444,1.1521335807050093,64.375,3,118,0.02040816326530612,0.0001779676098949991
163,4,60000 milliseconds,5,20,0.0,0.06,0.1,0.1,0.06,0.12208578038796938,1.2727272727272727,85.83333333333333,0,181,0.02040816326530612,0.0001779676098949991
164,4,60000 milliseconds,5,20,0.0,0.06,0.1,0.1,0.06,0.10268731090941449,1.0705009276437847,64.375,0,64,0.02040816326530612,0.0001779676098949991
165,4,60000 milliseconds,5,20,0.0,0.06,0.1,0.1,0.06,0.09200925431571454,0.9591836734693877,128.75,0,2,0.01855287569573284,0.0001779676098949991
166,4,60000 milliseconds,5,20,0.0,0.06,0.1,0.1,0.06,0.09645844456308952,1.0055658627087198,128.75,0,33,0.01855287569573284,0.0001779676098949991
167,4,60000 milliseconds,5,20,0.0,0.06,0.1,0.1,0.06,0.10322121373909948,1.0760667903525047,129.0,1,77,0.01855287569573284,0.0001779676098949991
168,4,60000 milliseconds,5,20,0.0,0.06,0.1,0.1,0.06,0.10802633920626446,1.1261595547309833,129.75,3,96,0.01855287569573284,0.0001779676098949991
169,4,60000 milliseconds,5,20,0.0,0.06,0.1,0.1,0.06,0.11834846058017441,1.2337662337662338,129.75,0,163,0.01855287569573284,0.0003559352197899982
170,4,60000 milliseconds,5,20,0.0,0.06,0.1,0.1,0.06,0.0996618615411995,1.0389610389610389,130.0,1,42,0.01855287569573284,0.0003559352197899982
171,4,60000 milliseconds,5,20,0.0,0.06,0.1,0.1,0.06,0.09378893041466453,0.9777365491651205,130.0,0,9,0.016697588126159554,0.0001779676098949991
172,4,60000 milliseconds,5,20,0.0,0.06,0.1,0.1,0.06,0.0991279587115145,1.033395176252319,86.83333333333333,1,44,0.016697588126159554,0.0001779676098949991
173,4,60000 milliseconds,5,20,0.0,0.06,0.1,0.1,0.06,0.10393308417867948,1.0834879406307978,87.33333333333333,3,64,0.016697588126159554,0.0001779676098949991
174,4,60000 milliseconds,5,20,0.0,0.06,0.1,0.1,0.06,0.11318739989321944,1.1799628942486085,65.5,0,121,0.014842300556586271,0.0001779676098949991
175,4,60000 milliseconds,5,20,0.0,0.06,0.1,0.1,0.06,0.12439935931660438,1.2968460111317255,37.642857142857146,3,183,0.014842300556586271,0.0001779676098949991
176,4,60000 milliseconds,5,20,0.0,0.06,0.1,0.1,0.06,0.10500088983804948,1.0946196660482375,52.7,0,68,0.014842300556586271,0.0
177,4,60000 milliseconds,5,20,0.0,0.06,0.1,0.1,0.06,0.09539063890371953,0.9944341372912802,66.0,1,8,0.014842300556586271,0.0
178,4,60000 milliseconds,5,20,0.0,0.06,0.1,0.1,0.06,0.0984160882719345,1.025974025974026,88.0,0,28,0.014842300556586271,0.0
179,4,60000 milliseconds,5,20,0.0,0.06,0.1,0.1,0.06,0.10731446876668446,1.1187384044526902,132.0,0,78,0.014842300556586271,0.0
180,4,60000 milliseconds,5,20,0.0,0.06,0.1,0.1,0.06,0.11532301121195943,1.202226345083488,44.083333333333336,1,130,0.014842300556586271,0.0
181,4,60000 milliseconds,5,20,0.0,0.06,0.1,0.1,0.06,0.12493326214628937,1.3024118738404453,33.3125,4,178,0.012987012987012988,0.0
182,4,60000 milliseconds,5,20,0.0,0.06,0.1,0.1,0.06,0.11354333511300943,1.183673469387755,44.416666666666664,0,112,0.012987012987012988,0.0
183,4,60000 milliseconds,5,20,0.0,0.06,0.1,0.1,0.06,0.09645844456308952,1.0055658627087198,66.75,1,10,0.012987012987012988,0.0
184,4,60000 milliseconds,5,20,0.0,0.06,0.1,0.1,0.06,0.1016195052500445,1.059369202226345,67.0,2,37,0.012987012987012988,0.0
185,4,60000 milliseconds,5,20,0.0,0.06,0.1,0.1,0.06,0.1179925253603844,1.2300556586270872,44.833333333333336,2,135,0.012987012987012988,0.0
186,4,60000 milliseconds,5,20,0.0,0.06,0.1,0.1,0.06,0.1195942338494394,1.2467532467532467,38.5,1,139,0.012987012987012988,0.0
1,4,60000 milliseconds,5,20,0.0,0.06,0.1,0.1,0.06,0.02811888236340986,0.29313543599257885,Inf,114,58,0.012987012987012988,0.0
2,4,60000 milliseconds,5,20,0.0,0.06,0.1,0.1,0.06,0.02794091475351486,0.2912801484230056,64.5,15,30,0.012987012987012988,0.0
3,4,60000 milliseconds,5,20,0.0,0.06,0.1,0.1,0.06,0.02402562733582488,0.2504638218923933,65.5,2,4,0.012987012987012988,0.0
4,4,60000 milliseconds,5,20,0.0,0.06,0.1,0.1,0.06,0.02811888236340986,0.29313543599257885,73.5,16,12,0.012987012987012988,0.0
5,4,60000 milliseconds,5,20,0.0,0.06,0.1,0.1,0.06,0.03897490656700481,0.40630797773654914,85.5,24,50,0.012987012987012988,0.0
6,4,60000 milliseconds,5,20,0.0,0.06,0.1,0.1,0.06,0.04591564335290977,0.47866419294990725,34.166666666666664,34,55,0.012987012987012988,0.0
7,4,60000 milliseconds,5,20,0.0,0.06,0.1,0.1,0.06,0.06531411283146467,0.6808905380333952,29.5,31,141,0.012987012987012988,0.0
8,4,60000 milliseconds,5,20,0.0,0.06,0.1,0.1,0.06,0.05018686599038975,0.5231910946196661,Inf,14,34,0.012987012987012988,0.0
9,4,60000 milliseconds,5,20,0.0,0.06,0.1,0.1,0.06,0.044847837693539776,0.4675324675324675,Inf,0,2,0.012987012987012988,0.0
10,4,60000 milliseconds,5,20,0.0,0.06,0.1,0.1,0.06,0.048585157501334755,0.5064935064935064,Inf,1,23,0.012987012987012988,0.0
11,4,60000 milliseconds,5,20,0.0,0.06,0.1,0.1,0.06,0.05410215340807973,0.5640074211502782,Inf,5,53,0.012987012987012988,0.0
12,4,60000 milliseconds,5,20,0.0,0.06,0.1,0.1,0.06,0.06371240434240968,0.6641929499072357,34.125,17,96,0.012987012987012988,0.0
13,4,60000 milliseconds,5,20,0.0,0.06,0.1,0.1,0.06,0.08186510055169958,0.8534322820037106,24.583333333333332,22,170,0.012987012987012988,0.0
14,4,60000 milliseconds,5,20,0.0,0.06,0.1,0.1,0.06,0.07083110873820965,0.738404452690167,50.666666666666664,9,101,0.012987012987012988,0.0
15,4,60000 milliseconds,5,20,0.0,0.06,0.1,0.1,0.06,0.05588182950702972,0.5825602968460112,76.25,1,10,0.012987012987012988,0.0
16,4,60000 milliseconds,5,20,0.0,0.06,0.1,0.1,0.06,0.059619149314824704,0.62152133580705,51.333333333333336,3,29,0.012987012987012988,0.0
17,4,60000 milliseconds,5,20,0.0,0.06,0.1,0.1,0.06,0.07172094678768465,0.7476808905380334,38.625,1,100,0.012987012987012988,0.0
18,4,60000 milliseconds,5,20,0.0,0.06,0.1,0.1,0.06,0.0786616835735896,0.8200371057513914,53.333333333333336,11,133,0.012987012987012988,0.0
19,4,60000 milliseconds,5,20,0.0,0.06,0.1,0.1,0.06,0.08560242035949457,0.8923933209647495,Inf,9,166,0.012987012987012988,0.0
20,4,60000 milliseconds,5,20,0.0,0.06,0.1,0.1,0.06,0.07189891439757964,0.7495361781076066,166.0,3,82,0.012987012987012988,0.0
21,4,60000 milliseconds,5,20,0.0,0.06,0.1,0.1,0.06,0.06104289019398469,0.6363636363636364,166.0,0,18,0.012987012987012988,0.0
22,4,60000 milliseconds,5,20,0.0,0.06,0.1,0.1,0.06,0.06228866346324969,0.6493506493506493,Inf,0,26,0.012987012987012988,0.0
23,4,60000 milliseconds,5,20,0.0,0.06,0.1,0.1,0.06,0.0802633920626446,0.8367346938775511,169.5,7,114,0.012987012987012988,0.0
24,4,60000 milliseconds,5,20,0.0,0.06,0.1,0.1,0.06,0.08168713294180459,0.8515769944341373,172.0,5,119,0.012987012987012988,0.0
25,4,60000 milliseconds,5,20,0.0,0.06,0.1,0.1,0.06,0.0786616835735896,0.8200371057513914,173.0,2,100,0.012987012987012988,0.0
26,4,60000 milliseconds,5,20,0.0,0.06,0.1,0.1,0.06,0.06424630717209467,0.6697588126159555,173.0,0,19,0.012987012987012988,0.0
27,4,60000 milliseconds,5,20,0.0,0.06,0.1,0.1,0.06,0.06157679302366969,0.6419294990723562,173.0,0,0,0.012987012987012988,0.0
28,4,60000 milliseconds,5,20,0.0,0.06,0.1,0.1,0.06,0.06567004805125468,0.6846011131725418,173.5,1,28,0.012987012987012988,0.0
29,4,60000 milliseconds,5,20,0.0,0.06,0.1,0.1,0.06,0.07065314112831465,0.7365491651205937,174.5,2,50,0.012987012987012988,0.0
30,4,60000 milliseconds,5,20,0.0,0.06,0.1,0.1,0.06,0.07794981313400962,0.8126159554730983,88.75,6,87,0.012987012987012988,0.0
31,4,60000 milliseconds,5,20,0.0,0.06,0.1,0.1,0.06,0.08560242035949457,0.8923933209647495,90.0,5,127,0.012987012987012988,0.0
32,4,60000 milliseconds,5,20,0.0,0.06,0.1,0.1,0.06,0.07047517351841964,0.7346938775510204,Inf,2,38,0.012987012987012988,0.0
33,4,60000 milliseconds,5,20,0.0,0.06,0.1,0.1,0.06,0.06442427478198967,0.6716141001855288,Inf,0,1,0.012987012987012988,0.0
34,4,60000 milliseconds,5,20,0.0,0.06,0.1,0.1,0.06,0.06851752980957465,0.7142857142857143,Inf,2,22,0.011131725417439703,0.0
35,4,60000 milliseconds,5,20,0.0,0.06,0.1,0.1,0.06,0.07901761879337961,0.8237476808905381,Inf,3,81,0.011131725417439703,0.0
36,4,60000 milliseconds,5,20,0.0,0.06,0.1,0.1,0.06,0.0811532301121196,0.8460111317254174,92.0,1,96,0.011131725417439703,0.0
37,4,60000 milliseconds,5,20,0.0,0.06,0.1,0.1,0.06,0.09165331909592454,0.9554730983302412,61.833333333333336,3,153,0.011131725417439703,0.0
38,4,60000 milliseconds,5,20,0.0,0.06,0.1,0.1,0.06,0.07100907634810465,0.7402597402597403,186.0,1,30,0.011131725417439703,0.0
39,4,60000 milliseconds,5,20,0.0,0.06,0.1,0.1,0.06,0.06620395088093967,0.6901669758812616,186.0,0,0,0.011131725417439703,0.0
40,4,60000 milliseconds,5,20,0.0,0.06,0.1,0.1,0.06,0.07118704395799964,0.7421150278293135,186.5,1,28,0.011131725417439703,0.0
41,4,60000 milliseconds,5,20,0.0,0.06,0.1,0.1,0.06,0.07652607225484961,0.7977736549165121,93.25,0,65,0.011131725417439703,0.0
42,4,60000 milliseconds,5,20,0.0,0.06,0.1,0.1,0.06,0.0820430681615946,0.8552875695732839,62.5,2,93,0.011131725417439703,0.0
43,4,60000 milliseconds,5,20,0.0,0.06,0.1,0.1,0.06,0.08880583733760455,0.9257884972170687,47.0,1,129,0.011131725417439703,0.0
44,4,60000 milliseconds,5,20,0.0,0.06,0.1,0.1,0.06,0.07350062288663463,0.7662337662337663,94.5,2,41,0.011131725417439703,0.0
45,4,60000 milliseconds,5,20,0.0,0.06,0.1,0.1,0.06,0.06798362697988966,0.7087198515769945,189.0,0,4,0.011131725417439703,0.0
46,4,60000 milliseconds,5,20,0.0,0.06,0.1,0.1,0.06,0.07154297917778964,0.7458256029684601,189.5,1,23,0.011131725417439703,0.0
47,4,60000 milliseconds,5,20,0.0,0.06,0.1,0.1,0.06,0.0806193272824346,0.8404452690166976,190.5,2,75,0.011131725417439703,0.0
48,4,60000 milliseconds,5,20,0.0,0.06,0.1,0.1,0.06,0.08471258231001957,0.8831168831168831,Inf,2,99,0.011131725417439703,0.0
49,4,60000 milliseconds,5,20,0.0,0.06,0.1,0.1,0.06,0.09272112475529454,0.9666048237476809,193.5,4,144,0.011131725417439703,0.0
50,4,60000 milliseconds,5,20,0.0,0.06,0.1,0.1,0.06,0.07812778074390461,0.8144712430426716,196.0,5,69,0.011131725417439703,0.0
51,4,60000 milliseconds,5,20,0.0,0.06,0.1,0.1,0.06,0.07118704395799964,0.7421150278293135,196.5,1,8,0.011131725417439703,0.0
52,4,60000 milliseconds,5,20,0.0,0.06,0.1,0.1,0.06,0.07350062288663463,0.7662337662337663,197.0,1,21,0.011131725417439703,0.0
53,4,60000 milliseconds,5,20,0.0,0.06,0.1,0.1,0.06,0.08417867948033458,0.8775510204081632,198.0,2,82,0.011131725417439703,0.0
54,4,60000 milliseconds,5,20,0.0,0.06,0.1,0.1,0.06,0.09236518953550454,0.9628942486085343,99.75,3,131,0.011131725417439703,0.0
55,4,60000 milliseconds,5,20,0.0,0.06,0.1,0.1,0.06,0.10322121373909948,1.0760667903525047,67.0,3,195,0.011131725417439703,0.0
56,4,60000 milliseconds,5,20,0.0,0.06,0.1,0.1,0.06,0.08898380494749955,0.9276437847866419,50.5,2,103,0.011131725417439703,0.0
57,4,60000 milliseconds,5,20,0.0,0.06,0.1,0.1,0.06,0.07421249332621463,0.7736549165120594,67.33333333333333,0,13,0.011131725417439703,0.0
58,4,60000 milliseconds,5,20,0.0,0.06,0.1,0.1,0.06,0.07581420181526963,0.7903525046382189,101.0,0,25,0.011131725417439703,0.0
59,4,60000 milliseconds,5,20,0.0,0.06,0.1,0.1,0.06,0.08951770777718455,0.9332096474953617,67.83333333333333,3,104,0.011131725417439703,0.0
60,4,60000 milliseconds,5,20,0.0,0.06,0.1,0.1,0.06,0.10322121373909948,1.0760667903525047,68.33333333333333,3,177,0.011131725417439703,0.0
61,4,60000 milliseconds,5,20,0.0,0.06,0.1,0.1,0.06,0.10126357003025449,1.0556586270871986,208.5,7,157,0.011131725417439703,0.0
62,4,60000 milliseconds,5,20,0.0,0.06,0.1,0.1,0.06,0.08916177255739455,0.9294990723562152,70.0,3,88,0.011131725417439703,0.0
63,4,60000 milliseconds,5,20,0.0,0.06,0.1,0.1,0.06,0.07599216942516462,0.7922077922077922,210.0,0,8,0.011131725417439703,0.0
64,4,60000 milliseconds,5,20,0.0,0.06,0.1,0.1,0.06,0.07830574835379961,0.8163265306122449,210.5,1,19,0.011131725417439703,0.0
65,4,60000 milliseconds,5,20,0.0,0.06,0.1,0.1,0.06,0.09432283324434952,0.9833024118738405,106.0,3,110,0.011131725417439703,0.0
66,4,60000 milliseconds,5,20,0.0,0.06,0.1,0.1,0.06,0.09645844456308952,1.0055658627087198,71.0,2,131,0.011131725417439703,0.0
67,4,60000 milliseconds,5,20,0.0,0.06,0.1,0.1,0.06,0.09325502758497953,0.9721706864564007,Inf,0,114,0.011131725417439703,0.0
68,4,60000 milliseconds,5,20,0.0,0.06,0.1,0.1,0.06,0.0804413596725396,0.8385899814471243,Inf,0,26,0.011131725417439703,0.0
69,4,60000 milliseconds,5,20,0.0,0.06,0.1,0.1,0.06,0.07688200747463962,0.8014842300556586,Inf,0,8,0.011131725417439703,0.0
70,4,60000 milliseconds,5,20,0.0,0.06,0.1,0.1,0.06,0.0784837159636946,0.8181818181818182,Inf,0,16,0.011131725417439703,0.0
71,4,60000 milliseconds,5,20,0.0,0.06,0.1,0.1,0.06,0.08560242035949457,0.8923933209647495,Inf,0,60,0.011131725417439703,0.0
72,4,60000 milliseconds,5,20,0.0,0.06,0.1,0.1,0.06,0.08667022601886457,0.9035250463821892,Inf,0,62,0.011131725417439703,0.0
73,4,60000 milliseconds,5,20,0.0,0.06,0.1,0.1,0.06,0.09165331909592454,0.9554730983302412,71.33333333333333,2,98,0.011131725417439703,0.0
74,4,60000 milliseconds,5,20,0.0,0.06,0.1,0.1,0.06,0.08222103577148959,0.8571428571428571,107.0,0,37,0.011131725417439703,0.0
75,4,60000 milliseconds,5,20,0.0,0.06,0.1,0.1,0.06,0.07670403986474461,0.7996289424860853,214.5,1,2,0.011131725417439703,0.0
76,4,60000 milliseconds,5,20,0.0,0.06,0.1,0.1,0.06,0.0804413596725396,0.8385899814471243,214.5,0,28,0.011131725417439703,0.0
77,4,60000 milliseconds,5,20,0.0,0.06,0.1,0.1,0.06,0.08595835557928456,0.8961038961038961,214.5,0,59,0.011131725417439703,0.0
78,4,60000 milliseconds,5,20,0.0,0.06,0.1,0.1,0.06,0.09040754582665955,0.9424860853432282,71.66666666666667,1,85,0.011131725417439703,0.0
79,4,60000 milliseconds,5,20,0.0,0.06,0.1,0.1,0.06,0.09645844456308952,1.0055658627087198,108.25,3,119,0.011131725417439703,0.0
80,4,60000 milliseconds,5,20,0.0,0.06,0.1,0.1,0.06,0.08328884143085959,0.8682745825602969,108.5,1,36,0.011131725417439703,0.0
81,4,60000 milliseconds,5,20,0.0,0.06,0.1,0.1,0.06,0.07794981313400962,0.8126159554730983,108.5,0,5,0.011131725417439703,0.0
82,4,60000 milliseconds,5,20,0.0,0.06,0.1,0.1,0.06,0.0809752625022246,0.8441558441558441,108.5,0,22,0.011131725417439703,0.0
83,4,60000 milliseconds,5,20,0.0,0.06,0.1,0.1,0.06,0.08827193450791956,0.9202226345083488,218.0,2,63,0.011131725417439703,0.0
84,4,60000 milliseconds,5,20,0.0,0.06,0.1,0.1,0.06,0.09272112475529454,0.9666048237476809,109.75,3,94,0.011131725417439703,0.0
85,4,60000 milliseconds,5,20,0.0,0.06,0.1,0.1,0.06,0.10250934329951948,1.0686456400742115,31.5,2,147,0.011131725417439703,0.0
86,4,60000 milliseconds,5,20,0.0,0.06,0.1,0.1,0.06,0.08809396689802455,0.9183673469387755,27.5625,0,59,0.011131725417439703,0.0
87,4,60000 milliseconds,5,20,0.0,0.06,0.1,0.1,0.06,0.07901761879337961,0.8237476808905381,36.75,0,3,0.011131725417439703,0.0
88,4,60000 milliseconds,5,20,0.0,0.06,0.1,0.1,0.06,0.08222103577148959,0.8571428571428571,44.2,1,27,0.011131725417439703,0.0
89,4,60000 milliseconds,5,20,0.0,0.06,0.1,0.1,0.06,0.09040754582665955,0.9424860853432282,37.0,2,72,0.011131725417439703,0.0
90,4,60000 milliseconds,5,20,0.0,0.06,0.1,0.1,0.06,0.09734828261256451,1.0148423005565863,223.0,2,106,0.011131725417439703,0.0
91,4,60000 milliseconds,5,20,0.0,0.06,0.1,0.1,0.06,0.10446698700836447,1.0890538033395176,56.5,6,140,0.011131725417439703,0.0
92,4,60000 milliseconds,5,20,0.0,0.06,0.1,0.1,0.06,0.08738209645844457,0.9109461966604824,45.2,0,42,0.011131725417439703,0.0
93,4,60000 milliseconds,5,20,0.0,0.06,0.1,0.1,0.06,0.0811532301121196,0.8460111317254174,56.5,0,4,0.011131725417439703,0.0
94,4,60000 milliseconds,5,20,0.0,0.06,0.1,0.1,0.06,0.08489054991991457,0.8849721706864564,45.4,2,28,0.011131725417439703,0.0
95,4,60000 milliseconds,5,20,0.0,0.06,0.1,0.1,0.06,0.09521267129382452,0.9925788497217068,32.57142857142857,2,81,0.011131725417439703,0.0
96,4,60000 milliseconds,5,20,0.0,0.06,0.1,0.1,0.06,0.09717031500266951,1.0129870129870129,38.166666666666664,2,94,0.011131725417439703,0.0
97,4,60000 milliseconds,5,20,0.0,0.06,0.1,0.1,0.06,0.11122975618437445,1.1595547309833023,32.785714285714285,1,171,0.011131725417439703,0.0
98,4,60000 milliseconds,5,20,0.0,0.06,0.1,0.1,0.06,0.0994838939313045,1.0371057513914657,114.75,0,107,0.011131725417439703,0.0
99,4,60000 milliseconds,5,20,0.0,0.06,0.1,0.1,0.06,0.08239900338138459,0.8589981447124304,114.75,0,4,0.011131725417439703,0.0
100,4,60000 milliseconds,5,20,0.0,0.06,0.1,0.1,0.06,0.08631429079907457,0.8998144712430427,114.75,0,27,0.011131725417439703,0.0
101,4,60000 milliseconds,5,20,0.0,0.06,0.1,0.1,0.06,0.09592454173340452,1.0,76.5,0,86,0.011131725417439703,0.0
102,4,60000 milliseconds,5,20,0.0,0.06,0.1,0.1,0.06,0.10375511656878449,1.0816326530612246,77.0,3,128,0.011131725417439703,0.0
103,4,60000 milliseconds,5,20,0.0,0.06,0.1,0.1,0.06,0.10215340807972949,1.0649350649350648,58.0,2,115,0.011131725417439703,0.0
104,4,60000 milliseconds,5,20,0.0,0.06,0.1,0.1,0.06,0.09610250934329952,1.0018552875695732,46.4,0,79,0.011131725417439703,0.0
105,4,60000 milliseconds,5,20,0.0,0.06,0.1,0.1,0.06,0.08364477665064958,0.8719851576994434,58.0,0,7,0.011131725417439703,0.0
106,4,60000 milliseconds,5,20,0.0,0.06,0.1,0.1,0.06,0.08595835557928456,0.8961038961038961,58.0,0,19,0.011131725417439703,0.0
107,4,60000 milliseconds,5,20,0.0,0.06,0.1,0.1,0.06,0.09628047695319451,1.0037105751391466,58.25,2,79,0.011131725417439703,0.0
108,4,60000 milliseconds,5,20,0.0,0.06,0.1,0.1,0.06,0.0982381206620395,1.0241187384044528,58.375,1,90,0.011131725417439703,0.0
109,4,60000 milliseconds,5,20,0.0,0.06,0.1,0.1,0.06,0.10286527851930949,1.072356215213358,46.7,0,116,0.011131725417439703,0.0
110,4,60000 milliseconds,5,20,0.0,0.06,0.1,0.1,0.06,0.09343299519487454,0.974025974025974,77.83333333333333,0,62,0.011131725417439703,0.0
111,4,60000 milliseconds,5,20,0.0,0.06,0.1,0.1,0.06,0.08400071187043957,0.87569573283859,233.5,0,5,0.011131725417439703,0.0
112,4,60000 milliseconds,5,20,0.0,0.06,0.1,0.1,0.06,0.08542445274959957,0.8905380333951762,116.75,0,14,0.011131725417439703,0.0
113,4,60000 milliseconds,5,20,0.0,0.06,0.1,0.1,0.06,0.1005516995906745,1.0482374768089053,77.83333333333333,0,104,0.011131725417439703,0.0
114,4,60000 milliseconds,5,20,0.0,0.06,0.1,0.1,0.06,0.09859405588182951,1.0278293135435992,116.75,0,97,0.011131725417439703,0.0
115,4,60000 milliseconds,5,20,0.0,0.06,0.1,0.1,0.06,0.09752625022245952,1.0166975881261595,235.0,3,86,0.011131725417439703,0.0
116,4,60000 milliseconds,5,20,0.0,0.06,0.1,0.1,0.06,0.08809396689802455,0.9183673469387755,78.33333333333333,0,28,0.011131725417439703,0.0
117,4,60000 milliseconds,5,20,0.0,0.06,0.1,0.1,0.06,0.08489054991991457,0.8849721706864564,78.33333333333333,0,8,0.011131725417439703,0.0
118,4,60000 milliseconds,5,20,0.0,0.06,0.1,0.1,0.06,0.08862786972770956,0.9239332096474954,78.33333333333333,0,29,0.011131725417439703,0.0
119,4,60000 milliseconds,5,20,0.0,0.06,0.1,0.1,0.06,0.09681437978287952,1.0092764378478665,117.75,1,73,0.011131725417439703,0.0
120,4,60000 milliseconds,5,20,0.0,0.06,0.1,0.1,0.06,0.09663641217298452,1.007421150278293,118.0,1,76,0.011131725417439703,0.0
121,4,60000 milliseconds,5,20,0.0,0.06,0.1,0.1,0.06,0.10233137568962448,1.0667903525046383,59.0,0,110,0.011131725417439703,0.0
122,4,60000 milliseconds,5,20,0.0,0.06,0.1,0.1,0.06,0.09200925431571454,0.9591836734693877,39.416666666666664,1,46,0.011131725417439703,0.0
123,4,60000 milliseconds,5,20,0.0,0.06,0.1,0.1,0.06,0.08506851752980958,0.8868274582560297,59.125,0,6,0.011131725417439703,0.0
124,4,60000 milliseconds,5,20,0.0,0.06,0.1,0.1,0.06,0.08809396689802455,0.9183673469387755,59.125,0,25,0.011131725417439703,0.0
125,4,60000 milliseconds,5,20,0.0,0.06,0.1,0.1,0.06,0.09539063890371953,0.9944341372912802,47.4,1,64,0.011131725417439703,0.0
126,4,60000 milliseconds,5,20,0.0,0.06,0.1,0.1,0.06,0.1005516995906745,1.0482374768089053,47.7,3,97,0.011131725417439703,0.0
127,4,60000 milliseconds,5,20,0.0,0.06,0.1,0.1,0.06,0.10873820964584445,1.1335807050092765,29.9375,2,143,0.011131725417439703,0.0
128,4,60000 milliseconds,5,20,0.0,0.06,0.1,0.1,0.06,0.09307705997508453,0.9703153988868275,47.9,0,48,0.011131725417439703,0.0
129,4,60000 milliseconds,5,20,0.0,0.06,0.1,0.1,0.06,0.08613632318917958,0.8979591836734694,48.0,1,4,0.011131725417439703,0.0
130,4,60000 milliseconds,5,20,0.0,0.06,0.1,0.1,0.06,0.08951770777718455,0.9332096474953617,48.0,0,26,0.011131725417439703,0.0
131,4,60000 milliseconds,5,20,0.0,0.06,0.1,0.1,0.06,0.09592454173340452,1.0,48.0,0,64,0.011131725417439703,0.0
132,4,60000 milliseconds,5,20,0.0,0.06,0.1,0.1,0.06,0.1000177967609895,1.0426716141001855,60.125,1,88,0.011131725417439703,0.0
133,4,60000 milliseconds,5,20,0.0,0.06,0.1,0.1,0.06,0.11283146467342943,1.176252319109462,34.42857142857143,1,163,0.011131725417439703,0.0
134,4,60000 milliseconds,5,20,0.0,0.06,0.1,0.1,0.06,0.09307705997508453,0.9703153988868275,34.42857142857143,0,44,0.011131725417439703,0.0
135,4,60000 milliseconds,5,20,0.0,0.06,0.1,0.1,0.06,0.08702616123865456,0.9072356215213359,34.42857142857143,0,7,0.011131725417439703,0.0
136,4,60000 milliseconds,5,20,0.0,0.06,0.1,0.1,0.06,0.08880583733760455,0.9257884972170687,30.125,0,20,0.011131725417439703,0.0
137,4,60000 milliseconds,5,20,0.0,0.06,0.1,0.1,0.06,0.09770421783235451,1.018552875695733,30.1875,1,71,0.011131725417439703,0.0
138,4,60000 milliseconds,5,20,0.0,0.06,0.1,0.1,0.06,0.10535682505783947,1.098330241187384,30.5,5,108,0.011131725417439703,0.0
139,4,60000 milliseconds,5,20,0.0,0.06,0.1,0.1,0.06,0.1188823634098594,1.2393320964749537,22.318181818181817,3,188,0.011131725417439703,0.0
140,4,60000 milliseconds,5,20,0.0,0.06,0.1,0.1,0.06,0.10962804769531945,1.1428571428571428,30.8125,2,130,0.011131725417439703,0.0
141,4,60000 milliseconds,5,20,0.0,0.06,0.1,0.1,0.06,0.08880583733760455,0.9257884972170687,49.3,0,6,0.011131725417439703,0.0
142,4,60000 milliseconds,5,20,0.0,0.06,0.1,0.1,0.06,0.09307705997508453,0.9703153988868275,41.083333333333336,0,30,0.011131725417439703,0.0
143,4,60000 milliseconds,5,20,0.0,0.06,0.1,0.1,0.06,0.10909414486563446,1.137291280148423,41.25,2,125,0.011131725417439703,0.0
144,4,60000 milliseconds,5,20,0.0,0.06,0.1,0.1,0.06,0.10962804769531945,1.1428571428571428,35.5,2,125,0.011131725417439703,0.0
145,4,60000 milliseconds,5,20,0.0,0.06,0.1,0.1,0.06,0.11710268731090942,1.2207792207792207,31.0625,0,172,0.011131725417439703,0.0
146,4,60000 milliseconds,5,20,0.0,0.06,0.1,0.1,0.06,0.10393308417867948,1.0834879406307978,41.416666666666664,0,92,0.011131725417439703,0.0
147,4,60000 milliseconds,5,20,0.0,0.06,0.1,0.1,0.06,0.08987364299697455,0.9369202226345084,49.7,0,10,0.011131725417439703,0.0
148,4,60000 milliseconds,5,20,0.0,0.06,0.1,0.1,0.06,0.09343299519487454,0.974025974025974,49.7,0,30,0.011131725417439703,0.0
149,4,60000 milliseconds,5,20,0.0,0.06,0.1,0.1,0.06,0.10998398291510945,1.1465677179962894,49.8,1,129,0.011131725417439703,0.0
150,4,60000 milliseconds,5,20,0.0,0.06,0.1,0.1,0.06,0.11211959423384944,1.1688311688311688,50.1,3,136,0.011131725417439703,0.0
151,4,60000 milliseconds,5,20,0.0,0.06,0.1,0.1,0.06,0.10500088983804948,1.0946196660482375,62.625,0,102,0.011131725417439703,0.0
152,4,60000 milliseconds,5,20,0.0,0.06,0.1,0.1,0.06,0.09254315714539954,0.9647495361781077,62.75,1,20,0.00927643784786642,0.0
153,4,60000 milliseconds,5,20,0.0,0.06,0.1,0.1,0.06,0.08969567538707955,0.935064935064935,62.75,0,2,0.00927643784786642,0.0
154,4,60000 milliseconds,5,20,0.0,0.06,0.1,0.1,0.06,0.09521267129382452,0.9925788497217068,62.875,1,32,0.00927643784786642,0.0
155,4,60000 milliseconds,5,20,0.0,0.06,0.1,0.1,0.06,0.09859405588182951,1.0278293135435992,62.875,0,56,0.00927643784786642,0.0
156,4,60000 milliseconds,5,20,0.0,0.06,0.1,0.1,0.06,0.10464495461825948,1.0909090909090908,84.16666666666667,2,87,0.00927643784786642,0.0
157,4,60000 milliseconds,5,20,0.0,0.06,0.1,0.1,0.06,0.11336536750311443,1.1818181818181819,28.22222222222222,3,133,0.00927643784786642,0.0
158,4,60000 milliseconds,5,20,0.0,0.06,0.1,0.1,0.06,0.09645844456308952,1.0055658627087198,63.75,2,35,0.00927643784786642,0.0
159,4,60000 milliseconds,5,20,0.0,0.06,0.1,0.1,0.06,0.09111941626623954,0.9499072356215214,63.75,0,2,0.00927643784786642,0.0
160,4,60000 milliseconds,5,20,0.0,0.06,0.1,0.1,0.06,0.09574657412350952,0.9981447124304267,51.0,0,31,0.00927643784786642,0.0
161,4,60000 milliseconds,5,20,0.0,0.06,0.1,0.1,0.06,0.1005516995906745,1.0482374768089053,51.2,2,60,0.00927643784786642,0.0
162,4,60000 milliseconds,5,20,0.0,0.06,0.1,0.1,0.06,0.11051788574479444,1.1521335807050093,64.375,3,118,0.00927643784786642,0.0
163,4,60000 milliseconds,5,20,0.0,0.06,0.1,0.1,0.06,0.12208578038796938,1.2727272727272727,85.83333333333333,0,181,0.00927643784786642,0.0
164,4,60000 milliseconds,5,20,0.0,0.06,0.1,0.1,0.06,0.10268731090941449,1.0705009276437847,64.375,0,64,0.00927643784786642,0.0
165,4,60000 milliseconds,5,20,0.0,0.06,0.1,0.1,0.06,0.09200925431571454,0.9591836734693877,128.75,0,2,0.00927643784786642,0.0
166,4,60000 milliseconds,5,20,0.0,0.06,0.1,0.1,0.06,0.09645844456308952,1.0055658627087198,128.75,0,33,0.00927643784786642,0.0
167,4,60000 milliseconds,5,20,0.0,0.06,0.1,0.1,0.06,0.10322121373909948,1.0760667903525047,129.0,1,77,0.00927643784786642,0.0
168,4,60000 milliseconds,5,20,0.0,0.06,0.1,0.1,0.06,0.10802633920626446,1.1261595547309833,129.75,3,96,0.00927643784786642,0.0
169,4,60000 milliseconds,5,20,0.0,0.06,0.1,0.1,0.06,0.11834846058017441,1.2337662337662338,129.75,0,163,0.00927643784786642,0.0
170,4,60000 milliseconds,5,20,0.0,0.06,0.1,0.1,0.06,0.0996618615411995,1.0389610389610389,130.0,1,42,0.00927643784786642,0.0
171,4,60000 milliseconds,5,20,0.0,0.06,0.1,0.1,0.06,0.09378893041466453,0.9777365491651205,130.0,0,9,0.00927643784786642,0.0
172,4,60000 milliseconds,5,20,0.0,0.06,0.1,0.1,0.06,0.0991279587115145,1.033395176252319,86.83333333333333,1,44,0.00927643784786642,0.0
173,4,60000 milliseconds,5,20,0.0,0.06,0.1,0.1,0.06,0.10393308417867948,1.0834879406307978,87.33333333333333,3,64,0.00927643784786642,0.0
174,4,60000 milliseconds,5,20,0.0,0.06,0.1,0.1,0.06,0.11318739989321944,1.1799628942486085,65.5,0,121,0.00927643784786642,0.0
175,4,60000 milliseconds,5,20,0.0,0.06,0.1,0.1,0.06,0.12439935931660438,1.2968460111317255,37.642857142857146,3,183,0.00927643784786642,0.0
176,4,60000 milliseconds,5,20,0.0,0.06,0.1,0.1,0.06,0.10500088983804948,1.0946196660482375,52.7,0,68,0.00927643784786642,0.0
177,4,60000 milliseconds,5,20,0.0,0.06,0.1,0.1,0.06,0.09539063890371953,0.9944341372912802,66.0,1,8,0.00927643784786642,0.0
178,4,60000 milliseconds,5,20,0.0,0.06,0.1,0.1,0.06,0.0984160882719345,1.025974025974026,88.0,0,28,0.00927643784786642,0.0
179,4,60000 milliseconds,5,20,0.0,0.06,0.1,0.1,0.06,0.10731446876668446,1.1187384044526902,132.0,0,78,0.00927643784786642,0.0
180,4,60000 milliseconds,5,20,0.0,0.06,0.1,0.1,0.06,0.11532301121195943,1.202226345083488,44.083333333333336,1,130,0.00927643784786642,0.0
181,4,60000 milliseconds,5,20,0.0,0.06,0.1,0.1,0.06,0.12493326214628937,1.3024118738404453,33.3125,4,178,0.00927643784786642,0.0
182,4,60000 milliseconds,5,20,0.0,0.06,0.1,0.1,0.06,0.11354333511300943,1.183673469387755,44.416666666666664,0,112,0.00927643784786642,0.0
183,4,60000 milliseconds,5,20,0.0,0.06,0.1,0.1,0.06,0.09645844456308952,1.0055658627087198,66.75,1,10,0.00927643784786642,0.0
184,4,60000 milliseconds,5,20,0.0,0.06,0.1,0.1,0.06,0.1016195052500445,1.059369202226345,67.0,2,37,0.0074211502782931356,0.0
185,4,60000 milliseconds,5,20,0.0,0.06,0.1,0.1,0.06,0.1179925253603844,1.2300556586270872,44.833333333333336,2,135,0.0055658627087198514,0.0
186,4,60000 milliseconds,5,20,0.0,0.06,0.1,0.1,0.06,0.1195942338494394,1.2467532467532467,38.5,1,139,0.0055658627087198514,0.0
1,4,60000 milliseconds,5,20,0.0,0.06,0.1,0.1,0.06,0.02811888236340986,0.29313543599257885,Inf,114,58,0.0055658627087198514,0.0
2,4,60000 milliseconds,5,20,0.0,0.06,0.1,0.1,0.06,0.02794091475351486,0.2912801484230056,64.5,15,30,0.0055658627087198514,0.0
3,4,60000 milliseconds,5,20,0.0,0.06,0.1,0.1,0.06,0.02402562733582488,0.2504638218923933,65.5,2,4,0.0055658627087198514,0.0
4,4,60000 milliseconds,5,20,0.0,0.06,0.1,0.1,0.06,0.02811888236340986,0.29313543599257885,73.5,16,12,0.0055658627087198514,0.0
5,4,60000 milliseconds,5,20,0.0,0.06,0.1,0.1,0.06,0.03897490656700481,0.40630797773654914,85.5,24,50,0.0055658627087198514,0.0
6,4,60000 milliseconds,5,20,0.0,0.06,0.1,0.1,0.06,0.04591564335290977,0.47866419294990725,34.166666666666664,34,55,0.0055658627087198514,0.0
7,4,60000 milliseconds,5,20,0.0,0.06,0.1,0.1,0.06,0.06531411283146467,0.6808905380333952,29.5,31,141,0.0055658627087198514,0.0
8,4,60000 milliseconds,5,20,0.0,0.06,0.1,0.1,0.06,0.05018686599038975,0.5231910946196661,Inf,14,34,0.0055658627087198514,0.0
9,4,60000 milliseconds,5,20,0.0,0.06,0.1,0.1,0.06,0.044847837693539776,0.4675324675324675,Inf,0,2,0.0055658627087198514,0.0
10,4,60000 milliseconds,5,20,0.0,0.06,0.1,0.1,0.06,0.048585157501334755,0.5064935064935064,Inf,1,23,0.0055658627087198514,0.0
11,4,60000 milliseconds,5,20,0.0,0.06,0.1,0.1,0.06,0.05410215340807973,0.5640074211502782,Inf,5,53,0.0055658627087198514,0.0
12,4,60000 milliseconds,5,20,0.0,0.06,0.1,0.1,0.06,0.06371240434240968,0.6641929499072357,34.125,17,96,0.0055658627087198514,0.0
13,4,60000 milliseconds,5,20,0.0,0.06,0.1,0.1,0.06,0.08186510055169958,0.8534322820037106,24.583333333333332,22,170,0.0055658627087198514,0.0
14,4,60000 milliseconds,5,20,0.0,0.06,0.1,0.1,0.06,0.07083110873820965,0.738404452690167,50.666666666666664,9,101,0.0055658627087198514,0.0
15,4,60000 milliseconds,5,20,0.0,0.06,0.1,0.1,0.06,0.05588182950702972,0.5825602968460112,76.25,1,10,0.0055658627087198514,0.0
16,4,60000 milliseconds,5,20,0.0,0.06,0.1,0.1,0.06,0.059619149314824704,0.62152133580705,51.333333333333336,3,29,0.0055658627087198514,0.0
17,4,60000 milliseconds,5,20,0.0,0.06,0.1,0.1,0.06,0.07172094678768465,0.7476808905380334,38.625,1,100,0.0055658627087198514,0.0
18,4,60000 milliseconds,5,20,0.0,0.06,0.1,0.1,0.06,0.0786616835735896,0.8200371057513914,53.333333333333336,11,133,0.0055658627087198514,0.0
19,4,60000 milliseconds,5,20,0.0,0.06,0.1,0.1,0.06,0.08560242035949457,0.8923933209647495,Inf,9,166,0.0055658627087198514,0.0
20,4,60000 milliseconds,5,20,0.0,0.06,0.1,0.1,0.06,0.07189891439757964,0.7495361781076066,166.0,3,82,0.0055658627087198514,0.0
21,4,60000 milliseconds,5,20,0.0,0.06,0.1,0.1,0.06,0.06104289019398469,0.6363636363636364,166.0,0,18,0.0055658627087198514,0.0
22,4,60000 milliseconds,5,20,0.0,0.06,0.1,0.1,0.06,0.06228866346324969,0.6493506493506493,Inf,0,26,0.0055658627087198514,0.0
23,4,60000 milliseconds,5,20,0.0,0.06,0.1,0.1,0.06,0.0802633920626446,0.8367346938775511,169.5,7,114,0.0055658627087198514,0.0
24,4,60000 milliseconds,5,20,0.0,0.06,0.1,0.1,0.06,0.08168713294180459,0.8515769944341373,172.0,5,119,0.0055658627087198514,0.0
25,4,60000 milliseconds,5,20,0.0,0.06,0.1,0.1,0.06,0.0786616835735896,0.8200371057513914,173.0,2,100,0.0055658627087198514,0.0
26,4,60000 milliseconds,5,20,0.0,0.06,0.1,0.1,0.06,0.06424630717209467,0.6697588126159555,173.0,0,19,0.0055658627087198514,0.0
27,4,60000 milliseconds,5,20,0.0,0.06,0.1,0.1,0.06,0.06157679302366969,0.6419294990723562,173.0,0,0,0.0055658627087198514,0.0
28,4,60000 milliseconds,5,20,0.0,0.06,0.1,0.1,0.06,0.06567004805125468,0.6846011131725418,173.5,1,28,0.0055658627087198514,0.0
29,4,60000 milliseconds,5,20,0.0,0.06,0.1,0.1,0.06,0.07065314112831465,0.7365491651205937,174.5,2,50,0.0055658627087198514,0.0
30,4,60000 milliseconds,5,20,0.0,0.06,0.1,0.1,0.06,0.07794981313400962,0.8126159554730983,88.75,6,87,0.0055658627087198514,0.0
31,4,60000 milliseconds,5,20,0.0,0.06,0.1,0.1,0.06,0.08560242035949457,0.8923933209647495,90.0,5,127,0.0055658627087198514,0.0
32,4,60000 milliseconds,5,20,0.0,0.06,0.1,0.1,0.06,0.07047517351841964,0.7346938775510204,Inf,2,38,0.0055658627087198514,0.0
33,4,60000 milliseconds,5,20,0.0,0.06,0.1,0.1,0.06,0.06442427478198967,0.6716141001855288,Inf,0,1,0.0055658627087198514,0.0
34,4,60000 milliseconds,5,20,0.0,0.06,0.1,0.1,0.06,0.06851752980957465,0.7142857142857143,Inf,2,22,0.0055658627087198514,0.0
35,4,60000 milliseconds,5,20,0.0,0.06,0.1,0.1,0.06,0.07901761879337961,0.8237476808905381,Inf,3,81,0.0055658627087198514,0.0
36,4,60000 milliseconds,5,20,0.0,0.06,0.1,0.1,0.06,0.0811532301121196,0.8460111317254174,92.0,1,96,0.0055658627087198514,0.0
37,4,60000 milliseconds,5,20,0.0,0.06,0.1,0.1,0.06,0.09165331909592454,0.9554730983302412,61.833333333333336,3,153,0.0055658627087198514,0.0
38,4,60000 milliseconds,5,20,0.0,0.06,0.1,0.1,0.06,0.07100907634810465,0.7402597402597403,186.0,1,30,0.0055658627087198514,0.0
39,4,60000 milliseconds,5,20,0.0,0.06,0.1,0.1,0.06,0.06620395088093967,0.6901669758812616,186.0,0,0,0.0055658627087198514,0.0
40,4,60000 milliseconds,5,20,0.0,0.06,0.1,0.1,0.06,0.07118704395799964,0.7421150278293135,186.5,1,28,0.0055658627087198514,0.0
41,4,60000 milliseconds,5,20,0.0,0.06,0.1,0.1,0.06,0.07652607225484961,0.7977736549165121,93.25,0,65,0.0055658627087198514,0.0
42,4,60000 milliseconds,5,20,0.0,0.06,0.1,0.1,0.06,0.0820430681615946,0.8552875695732839,62.5,2,93,0.0055658627087198514,0.0
43,4,60000 milliseconds,5,20,0.0,0.06,0.1,0.1,0.06,0.08880583733760455,0.9257884972170687,47.0,1,129,0.0055658627087198514,0.0
44,4,60000 milliseconds,5,20,0.0,0.06,0.1,0.1,0.06,0.07350062288663463,0.7662337662337663,94.5,2,41,0.0055658627087198514,0.0
45,4,60000 milliseconds,5,20,0.0,0.06,0.1,0.1,0.06,0.06798362697988966,0.7087198515769945,189.0,0,4,0.0055658627087198514,0.0
46,4,60000 milliseconds,5,20,0.0,0.06,0.1,0.1,0.06,0.07154297917778964,0.7458256029684601,189.5,1,23,0.0055658627087198514,0.0
47,4,60000 milliseconds,5,20,0.0,0.06,0.1,0.1,0.06,0.0806193272824346,0.8404452690166976,190.5,2,75,0.0055658627087198514,0.0
48,4,60000 milliseconds,5,20,0.0,0.06,0.1,0.1,0.06,0.08471258231001957,0.8831168831168831,Inf,2,99,0.0055658627087198514,0.0
49,4,60000 milliseconds,5,20,0.0,0.06,0.1,0.1,0.06,0.09272112475529454,0.9666048237476809,193.5,4,144,0.0055658627087198514,0.0
50,4,60000 milliseconds,5,20,0.0,0.06,0.1,0.1,0.06,0.07812778074390461,0.8144712430426716,196.0,5,69,0.0055658627087198514,0.0
51,4,60000 milliseconds,5,20,0.0,0.06,0.1,0.1,0.06,0.07118704395799964,0.7421150278293135,196.5,1,8,0.0055658627087198514,0.0
52,4,60000 milliseconds,5,20,0.0,0.06,0.1,0.1,0.06,0.07350062288663463,0.7662337662337663,197.0,1,21,0.0055658627087198514,0.0
53,4,60000 milliseconds,5,20,0.0,0.06,0.1,0.1,0.06,0.08417867948033458,0.8775510204081632,198.0,2,82,0.0055658627087198514,0.0
54,4,60000 milliseconds,5,20,0.0,0.06,0.1,0.1,0.06,0.09236518953550454,0.9628942486085343,99.75,3,131,0.0055658627087198514,0.0
55,4,60000 milliseconds,5,20,0.0,0.06,0.1,0.1,0.06,0.10322121373909948,1.0760667903525047,67.0,3,195,0.0055658627087198514,0.0
56,4,60000 milliseconds,5,20,0.0,0.06,0.1,0.1,0.06,0.08898380494749955,0.9276437847866419,50.5,2,103,0.0055658627087198514,0.0
57,4,60000 milliseconds,5,20,0.0,0.06,0.1,0.1,0.06,0.07421249332621463,0.7736549165120594,67.33333333333333,0,13,0.0055658627087198514,0.0
58,4,60000 milliseconds,5,20,0.0,0.06,0.1,0.1,0.06,0.07581420181526963,0.7903525046382189,101.0,0,25,0.0055658627087198514,0.0
59,4,60000 milliseconds,5,20,0.0,0.06,0.1,0.1,0.06,0.08951770777718455,0.9332096474953617,67.83333333333333,3,104,0.0055658627087198514,0.0
60,4,60000 milliseconds,5,20,0.0,0.06,0.1,0.1,0.06,0.10322121373909948,1.0760667903525047,68.33333333333333,3,177,0.0055658627087198514,0.0
61,4,60000 milliseconds,5,20,0.0,0.06,0.1,0.1,0.06,0.10126357003025449,1.0556586270871986,208.5,7,157,0.0055658627087198514,0.0
62,4,60000 milliseconds,5,20,0.0,0.06,0.1,0.1,0.06,0.08916177255739455,0.9294990723562152,70.0,3,88,0.0055658627087198514,0.0
63,4,60000 milliseconds,5,20,0.0,0.06,0.1,0.1,0.06,0.07599216942516462,0.7922077922077922,210.0,0,8,0.0055658627087198514,0.0
64,4,60000 milliseconds,5,20,0.0,0.06,0.1,0.1,0.06,0.07830574835379961,0.8163265306122449,210.5,1,19,0.0055658627087198514,0.0
65,4,60000 milliseconds,5,20,0.0,0.06,0.1,0.1,0.06,0.09432283324434952,0.9833024118738405,106.0,3,110,0.0055658627087198514,0.0
66,4,60000 milliseconds,5,20,0.0,0.06,0.1,0.1,0.06,0.09645844456308952,1.0055658627087198,71.0,2,131,0.0055658627087198514,0.0
67,4,60000 milliseconds,5,20,0.0,0.06,0.1,0.1,0.06,0.09325502758497953,0.9721706864564007,Inf,0,114,0.0055658627087198514,0.0
68,4,60000 milliseconds,5,20,0.0,0.06,0.1,0.1,0.06,0.0804413596725396,0.8385899814471243,Inf,0,26,0.0055658627087198514,0.0
69,4,60000 milliseconds,5,20,0.0,0.06,0.1,0.1,0.06,0.07688200747463962,0.8014842300556586,Inf,0,8,0.0055658627087198514,0.0
70,4,60000 milliseconds,5,20,0.0,0.06,0.1,0.1,0.06,0.0784837159636946,0.8181818181818182,Inf,0,16,0.0055658627087198514,0.0
71,4,60000 milliseconds,5,20,0.0,0.06,0.1,0.1,0.06,0.08560242035949457,0.8923933209647495,Inf,0,60,0.0055658627087198514,0.0
72,4,60000 milliseconds,5,20,0.0,0.06,0.1,0.1,0.06,0.08667022601886457,0.9035250463821892,Inf,0,62,0.0055658627087198514,0.0
73,4,60000 milliseconds,5,20,0.0,0.06,0.1,0.1,0.06,0.09165331909592454,0.9554730983302412,71.33333333333333,2,98,0.0055658627087198514,0.0
74,4,60000 milliseconds,5,20,0.0,0.06,0.1,0.1,0.06,0.08222103577148959,0.8571428571428571,107.0,0,37,0.0055658627087198514,0.0
75,4,60000 milliseconds,5,20,0.0,0.06,0.1,0.1,0.06,0.07670403986474461,0.7996289424860853,214.5,1,2,0.0055658627087198514,0.0
76,4,60000 milliseconds,5,20,0.0,0.06,0.1,0.1,0.06,0.0804413596725396,0.8385899814471243,214.5,0,28,0.0055658627087198514,0.0
77,4,60000 milliseconds,5,20,0.0,0.06,0.1,0.1,0.06,0.08595835557928456,0.8961038961038961,214.5,0,59,0.0055658627087198514,0.0
78,4,60000 milliseconds,5,20,0.0,0.06,0.1,0.1,0.06,0.09040754582665955,0.9424860853432282,71.66666666666667,1,85,0.0055658627087198514,0.0
79,4,60000 milliseconds,5,20,0.0,0.06,0.1,0.1,0.06,0.09645844456308952,1.0055658627087198,108.25,3,119,0.0055658627087198514,0.0
80,4,60000 milliseconds,5,20,0.0,0.06,0.1,0.1,0.06,0.08328884143085959,0.8682745825602969,108.5,1,36,0.0055658627087198514,0.0
81,4,60000 milliseconds,5,20,0.0,0.06,0.1,0.1,0.06,0.07794981313400962,0.8126159554730983,108.5,0,5,0.0055658627087198514,0.0
82,4,60000 milliseconds,5,20,0.0,0.06,0.1,0.1,0.06,0.0809752625022246,0.8441558441558441,108.5,0,22,0.0055658627087198514,0.0
83,4,60000 milliseconds,5,20,0.0,0.06,0.1,0.1,0.06,0.08827193450791956,0.9202226345083488,218.0,2,63,0.0055658627087198514,0.0
84,4,60000 milliseconds,5,20,0.0,0.06,0.1,0.1,0.06,0.09272112475529454,0.9666048237476809,109.75,3,94,0.0055658627087198514,0.0
85,4,60000 milliseconds,5,20,0.0,0.06,0.1,0.1,0.06,0.10250934329951948,1.0686456400742115,31.5,2,147,0.0055658627087198514,0.0
86,4,60000 milliseconds,5,20,0.0,0.06,0.1,0.1,0.06,0.08809396689802455,0.9183673469387755,27.5625,0,59,0.0055658627087198514,0.0
87,4,60000 milliseconds,5,20,0.0,0.06,0.1,0.1,0.06,0.07901761879337961,0.8237476808905381,36.75,0,3,0.0055658627087198514,0.0
88,4,60000 milliseconds,5,20,0.0,0.06,0.1,0.1,0.06,0.08222103577148959,0.8571428571428571,44.2,1,27,0.0055658627087198514,0.0
89,4,60000 milliseconds,5,20,0.0,0.06,0.1,0.1,0.06,0.09040754582665955,0.9424860853432282,37.0,2,72,0.0055658627087198514,0.0
90,4,60000 milliseconds,5,20,0.0,0.06,0.1,0.1,0.06,0.09734828261256451,1.0148423005565863,223.0,2,106,0.0055658627087198514,0.0
91,4,60000 milliseconds,5,20,0.0,0.06,0.1,0.1,0.06,0.10446698700836447,1.0890538033395176,56.5,6,140,0.0055658627087198514,0.0
92,4,60000 milliseconds,5,20,0.0,0.06,0.1,0.1,0.06,0.08738209645844457,0.9109461966604824,45.2,0,42,0.0055658627087198514,0.0
93,4,60000 milliseconds,5,20,0.0,0.06,0.1,0.1,0.06,0.0811532301121196,0.8460111317254174,56.5,0,4,0.0055658627087198514,0.0
94,4,60000 milliseconds,5,20,0.0,0.06,0.1,0.1,0.06,0.08489054991991457,0.8849721706864564,45.4,2,28,0.0055658627087198514,0.0
95,4,60000 milliseconds,5,20,0.0,0.06,0.1,0.1,0.06,0.09521267129382452,0.9925788497217068,32.57142857142857,2,81,0.0055658627087198514,0.0
96,4,60000 milliseconds,5,20,0.0,0.06,0.1,0.1,0.06,0.09717031500266951,1.0129870129870129,38.166666666666664,2,94,0.0055658627087198514,0.0
97,4,60000 milliseconds,5,20,0.0,0.06,0.1,0.1,0.06,0.11122975618437445,1.1595547309833023,32.785714285714285,1,171,0.0055658627087198514,0.0
98,4,60000 milliseconds,5,20,0.0,0.06,0.1,0.1,0.06,0.0994838939313045,1.0371057513914657,114.75,0,107,0.0055658627087198514,0.0
99,4,60000 milliseconds,5,20,0.0,0.06,0.1,0.1,0.06,0.08239900338138459,0.8589981447124304,114.75,0,4,0.0055658627087198514,0.0
100,4,60000 milliseconds,5,20,0.0,0.06,0.1,0.1,0.06,0.08631429079907457,0.8998144712430427,114.75,0,27,0.0055658627087198514,0.0
101,4,60000 milliseconds,5,20,0.0,0.06,0.1,0.1,0.06,0.09592454173340452,1.0,76.5,0,86,0.0055658627087198514,0.0
102,4,60000 milliseconds,5,20,0.0,0.06,0.1,0.1,0.06,0.10375511656878449,1.0816326530612246,77.0,3,128,0.0055658627087198514,0.0
103,4,60000 milliseconds,5,20,0.0,0.06,0.1,0.1,0.06,0.10215340807972949,1.0649350649350648,58.0,2,115,0.0055658627087198514,0.0
104,4,60000 milliseconds,5,20,0.0,0.06,0.1,0.1,0.06,0.09610250934329952,1.0018552875695732,46.4,0,79,0.0055658627087198514,0.0
105,4,60000 milliseconds,5,20,0.0,0.06,0.1,0.1,0.06,0.08364477665064958,0.8719851576994434,58.0,0,7,0.0055658627087198514,0.0
106,4,60000 milliseconds,5,20,0.0,0.06,0.1,0.1,0.06,0.08595835557928456,0.8961038961038961,58.0,0,19,0.0055658627087198514,0.0
107,4,60000 milliseconds,5,20,0.0,0.06,0.1,0.1,0.06,0.09628047695319451,1.0037105751391466,58.25,2,79,0.0055658627087198514,0.0
108,4,60000 milliseconds,5,20,0.0,0.06,0.1,0.1,0.06,0.0982381206620395,1.0241187384044528,58.375,1,90,0.0055658627087198514,0.0
109,4,60000 milliseconds,5,20,0.0,0.06,0.1,0.1,0.06,0.10286527851930949,1.072356215213358,46.7,0,116,0.0055658627087198514,0.0
110,4,60000 milliseconds,5,20,0.0,0.06,0.1,0.1,0.06,0.09343299519487454,0.974025974025974,77.83333333333333,0,62,0.0055658627087198514,0.0
111,4,60000 milliseconds,5,20,0.0,0.06,0.1,0.1,0.06,0.08400071187043957,0.87569573283859,233.5,0,5,0.0055658627087198514,0.0
112,4,60000 milliseconds,5,20,0.0,0.06,0.1,0.1,0.06,0.08542445274959957,0.8905380333951762,116.75,0,14,0.0055658627087198514,0.0
113,4,60000 milliseconds,5,20,0.0,0.06,0.1,0.1,0.06,0.1005516995906745,1.0482374768089053,77.83333333333333,0,104,0.0055658627087198514,0.0
114,4,60000 milliseconds,5,20,0.0,0.06,0.1,0.1,0.06,0.09859405588182951,1.0278293135435992,116.75,0,97,0.0055658627087198514,0.0
115,4,60000 milliseconds,5,20,0.0,0.06,0.1,0.1,0.06,0.09752625022245952,1.0166975881261595,235.0,3,86,0.0055658627087198514,0.0
116,4,60000 milliseconds,5,20,0.0,0.06,0.1,0.1,0.06,0.08809396689802455,0.9183673469387755,78.33333333333333,0,28,0.0055658627087198514,0.0
117,4,60000 milliseconds,5,20,0.0,0.06,0.1,0.1,0.06,0.08489054991991457,0.8849721706864564,78.33333333333333,0,8,0.0055658627087198514,0.0
118,4,60000 milliseconds,5,20,0.0,0.06,0.1,0.1,0.06,0.08862786972770956,0.9239332096474954,78.33333333333333,0,29,0.0055658627087198514,0.0
119,4,60000 milliseconds,5,20,0.0,0.06,0.1,0.1,0.06,0.09681437978287952,1.0092764378478665,117.75,1,73,0.0055658627087198514,0.0
120,4,60000 milliseconds,5,20,0.0,0.06,0.1,0.1,0.06,0.09663641217298452,1.007421150278293,118.0,1,76,0.0055658627087198514,0.0
121,4,60000 milliseconds,5,20,0.0,0.06,0.1,0.1,0.06,0.10233137568962448,1.0667903525046383,59.0,0,110,0.0055658627087198514,0.0
122,4,60000 milliseconds,5,20,0.0,0.06,0.1,0.1,0.06,0.09200925431571454,0.9591836734693877,39.416666666666664,1,46,0.0055658627087198514,0.0
123,4,60000 milliseconds,5,20,0.0,0.06,0.1,0.1,0.06,0.08506851752980958,0.8868274582560297,59.125,0,6,0.0055658627087198514,0.0
124,4,60000 milliseconds,5,20,0.0,0.06,0.1,0.1,0.06,0.08809396689802455,0.9183673469387755,59.125,0,25,0.0055658627087198514,0.0
125,4,60000 milliseconds,5,20,0.0,0.06,0.1,0.1,0.06,0.09539063890371953,0.9944341372912802,47.4,1,64,0.0055658627087198514,0.0
126,4,60000 milliseconds,5,20,0.0,0.06,0.1,0.1,0.06,0.1005516995906745,1.0482374768089053,47.7,3,97,0.0055658627087198514,0.0
127,4,60000 milliseconds,5,20,0.0,0.06,0.1,0.1,0.06,0.10873820964584445,1.1335807050092765,29.9375,2,143,0.0055658627087198514,0.0
128,4,60000 milliseconds,5,20,0.0,0.06,0.1,0.1,0.06,0.09307705997508453,0.9703153988868275,47.9,0,48,0.0055658627087198514,0.0
129,4,60000 milliseconds,5,20,0.0,0.06,0.1,0.1,0.06,0.08613632318917958,0.8979591836734694,48.0,1,4,0.0055658627087198514,0.0
130,4,60000 milliseconds,5,20,0.0,0.06,0.1,0.1,0.06,0.08951770777718455,0.9332096474953617,48.0,0,26,0.0055658627087198514,0.0
131,4,60000 milliseconds,5,20,0.0,0.06,0.1,0.1,0.06,0.09592454173340452,1.0,48.0,0,64,0.0055658627087198514,0.0
132,4,60000 milliseconds,5,20,0.0,0.06,0.1,0.1,0.06,0.1000177967609895,1.0426716141001855,60.125,1,88,0.0055658627087198514,0.0
133,4,60000 milliseconds,5,20,0.0,0.06,0.1,0.1,0.06,0.11283146467342943,1.176252319109462,34.42857142857143,1,163,0.0055658627087198514,0.0
134,4,60000 milliseconds,5,20,0.0,0.06,0.1,0.1,0.06,0.09307705997508453,0.9703153988868275,34.42857142857143,0,44,0.0055658627087198514,0.0
135,4,60000 milliseconds,5,20,0.0,0.06,0.1,0.1,0.06,0.08702616123865456,0.9072356215213359,34.42857142857143,0,7,0.0055658627087198514,0.0
136,4,60000 milliseconds,5,20,0.0,0.06,0.1,0.1,0.06,0.08880583733760455,0.9257884972170687,30.125,0,20,0.0055658627087198514,0.0
137,4,60000 milliseconds,5,20,0.0,0.06,0.1,0.1,0.06,0.09770421783235451,1.018552875695733,30.1875,1,71,0.0055658627087198514,0.0
138,4,60000 milliseconds,5,20,0.0,0.06,0.1,0.1,0.06,0.10535682505783947,1.098330241187384,30.5,5,108,0.0055658627087198514,0.0
139,4,60000 milliseconds,5,20,0.0,0.06,0.1,0.1,0.06,0.1188823634098594,1.2393320964749537,22.318181818181817,3,188,0.0055658627087198514,0.0
140,4,60000 milliseconds,5,20,0.0,0.06,0.1,0.1,0.06,0.10962804769531945,1.1428571428571428,30.8125,2,130,0.0055658627087198514,0.0
141,4,60000 milliseconds,5,20,0.0,0.06,0.1,0.1,0.06,0.08880583733760455,0.9257884972170687,49.3,0,6,0.0055658627087198514,0.0
142,4,60000 milliseconds,5,20,0.0,0.06,0.1,0.1,0.06,0.09307705997508453,0.9703153988868275,41.083333333333336,0,30,0.0055658627087198514,0.0
143,4,60000 milliseconds,5,20,0.0,0.06,0.1,0.1,0.06,0.10909414486563446,1.137291280148423,41.25,2,125,0.0055658627087198514,0.0
144,4,60000 milliseconds,5,20,0.0,0.06,0.1,0.1,0.06,0.10962804769531945,1.1428571428571428,35.5,2,125,0.0055658627087198514,0.0
145,4,60000 milliseconds,5,20,0.0,0.06,0.1,0.1,0.06,0.11710268731090942,1.2207792207792207,31.0625,0,172,0.0055658627087198514,0.0
146,4,60000 milliseconds,5,20,0.0,0.06,0.1,0.1,0.06,0.10393308417867948,1.0834879406307978,41.416666666666664,0,92,0.0055658627087198514,0.0
147,4,60000 milliseconds,5,20,0.0,0.06,0.1,0.1,0.06,0.08987364299697455,0.9369202226345084,49.7,0,10,0.0055658627087198514,0.0
148,4,60000 milliseconds,5,20,0.0,0.06,0.1,0.1,0.06,0.09343299519487454,0.974025974025974,49.7,0,30,0.0055658627087198514,0.0
149,4,60000 milliseconds,5,20,0.0,0.06,0.1,0.1,0.06,0.10998398291510945,1.1465677179962894,49.8,1,129,0.0055658627087198514,0.0
150,4,60000 milliseconds,5,20,0.0,0.06,0.1,0.1,0.06,0.11211959423384944,1.1688311688311688,50.1,3,136,0.0055658627087198514,0.0
151,4,60000 milliseconds,5,20,0.0,0.06,0.1,0.1,0.06,0.10500088983804948,1.0946196660482375,62.625,0,102,0.0055658627087198514,0.0
152,4,60000 milliseconds,5,20,0.0,0.06,0.1,0.1,0.06,0.09254315714539954,0.9647495361781077,62.75,1,20,0.0055658627087198514,0.0
153,4,60000 milliseconds,5,20,0.0,0.06,0.1,0.1,0.06,0.08969567538707955,0.935064935064935,62.75,0,2,0.0055658627087198514,0.0
154,4,60000 milliseconds,5,20,0.0,0.06,0.1,0.1,0.06,0.09521267129382452,0.9925788497217068,62.875,1,32,0.0055658627087198514,0.0
155,4,60000 milliseconds,5,20,0.0,0.06,0.1,0.1,0.06,0.09859405588182951,1.0278293135435992,62.875,0,56,0.0055658627087198514,0.0
156,4,60000 milliseconds,5,20,0.0,0.06,0.1,0.1,0.06,0.10464495461825948,1.0909090909090908,84.16666666666667,2,87,0.0055658627087198514,0.0
157,4,60000 milliseconds,5,20,0.0,0.06,0.1,0.1,0.06,0.11336536750311443,1.1818181818181819,28.22222222222222,3,133,0.0055658627087198514,0.0
158,4,60000 milliseconds,5,20,0.0,0.06,0.1,0.1,0.06,0.09645844456308952,1.0055658627087198,63.75,2,35,0.0055658627087198514,0.0
159,4,60000 milliseconds,5,20,0.0,0.06,0.1,0.1,0.06,0.09111941626623954,0.9499072356215214,63.75,0,2,0.0055658627087198514,0.0
160,4,60000 milliseconds,5,20,0.0,0.06,0.1,0.1,0.06,0.09574657412350952,0.9981447124304267,51.0,0,31,0.0055658627087198514,0.0
161,4,60000 milliseconds,5,20,0.0,0.06,0.1,0.1,0.06,0.1005516995906745,1.0482374768089053,51.2,2,60,0.0055658627087198514,0.0
162,4,60000 milliseconds,5,20,0.0,0.06,0.1,0.1,0.06,0.11051788574479444,1.1521335807050093,64.375,3,118,0.0055658627087198514,0.0
163,4,60000 milliseconds,5,20,0.0,0.06,0.1,0.1,0.06,0.12208578038796938,1.2727272727272727,85.83333333333333,0,181,0.0055658627087198514,0.0
164,4,60000 milliseconds,5,20,0.0,0.06,0.1,0.1,0.06,0.10268731090941449,1.0705009276437847,64.375,0,64,0.0055658627087198514,0.0
165,4,60000 milliseconds,5,20,0.0,0.06,0.1,0.1,0.06,0.09200925431571454,0.9591836734693877,128.75,0,2,0.0055658627087198514,0.0
166,4,60000 milliseconds,5,20,0.0,0.06,0.1,0.1,0.06,0.09645844456308952,1.0055658627087198,128.75,0,33,0.0055658627087198514,0.0
167,4,60000 milliseconds,5,20,0.0,0.06,0.1,0.1,0.06,0.10322121373909948,1.0760667903525047,129.0,1,77,0.0055658627087198514,0.0
168,4,60000 milliseconds,5,20,0.0,0.06,0.1,0.1,0.06,0.10802633920626446,1.1261595547309833,129.75,3,96,0.0055658627087198514,0.0
169,4,60000 milliseconds,5,20,0.0,0.06,0.1,0.1,0.06,0.11834846058017441,1.2337662337662338,129.75,0,163,0.0055658627087198514,0.0
170,4,60000 milliseconds,5,20,0.0,0.06,0.1,0.1,0.06,0.0996618615411995,1.0389610389610389,130.0,1,42,0.0055658627087198514,0.0
171,4,60000 milliseconds,5,20,0.0,0.06,0.1,0.1,0.06,0.09378893041466453,0.9777365491651205,130.0,0,9,0.0055658627087198514,0.0
172,4,60000 milliseconds,5,20,0.0,0.06,0.1,0.1,0.06,0.0991279587115145,1.033395176252319,86.83333333333333,1,44,0.0055658627087198514,0.0
173,4,60000 milliseconds,5,20,0.0,0.06,0.1,0.1,0.06,0.10393308417867948,1.0834879406307978,87.33333333333333,3,64,0.0055658627087198514,0.0
174,4,60000 milliseconds,5,20,0.0,0.06,0.1,0.1,0.06,0.11318739989321944,1.1799628942486085,65.5,0,121,0.0055658627087198514,0.0
175,4,60000 milliseconds,5,20,0.0,0.06,0.1,0.1,0.06,0.12439935931660438,1.2968460111317255,37.642857142857146,3,183,0.0055658627087198514,0.0
176,4,60000 milliseconds,5,20,0.0,0.06,0.1,0.1,0.06,0.10500088983804948,1.0946196660482375,52.7,0,68,0.0055658627087198514,0.0
177,4,60000 milliseconds,5,20,0.0,0.06,0.1,0.1,0.06,0.09539063890371953,0.9944341372912802,66.0,1,8,0.0055658627087198514,0.0
178,4,60000 milliseconds,5,20,0.0,0.06,0.1,0.1,0.06,0.0984160882719345,1.025974025974026,88.0,0,28,0.0055658627087198514,0.0
179,4,60000 milliseconds,5,20,0.0,0.06,0.1,0.1,0.06,0.10731446876668446,1.1187384044526902,132.0,0,78,0.0055658627087198514,0.0
180,4,60000 milliseconds,5,20,0.0,0.06,0.1,0.1,0.06,0.11532301121195943,1.202226345083488,44.083333333333336,1,130,0.0055658627087198514,0.0
181,4,60000 milliseconds,5,20,0.0,0.06,0.1,0.1,0.06,0.12493326214628937,1.3024118738404453,33.3125,4,178,0.0055658627087198514,0.0
182,4,60000 milliseconds,5,20,0.0,0.06,0.1,0.1,0.06,0.11354333511300943,1.183673469387755,44.416666666666664,0,112,0.0055658627087198514,0.0
183,4,60000 milliseconds,5,20,0.0,0.06,0.1,0.1,0.06,0.09645844456308952,1.0055658627087198,66.75,1,10,0.0055658627087198514,0.0
184,4,60000 milliseconds,5,20,0.0,0.06,0.1,0.1,0.06,0.1016195052500445,1.059369202226345,67.0,2,37,0.0055658627087198514,0.0
185,4,60000 milliseconds,5,20,0.0,0.06,0.1,0.1,0.06,0.1179925253603844,1.2300556586270872,44.833333333333336,2,135,0.0055658627087198514,0.0
186,4,60000 milliseconds,5,20,0.0,0.06,0.1,0.1,0.06,0.1195942338494394,1.2467532467532467,38.5,1,139,0.0055658627087198514,0.0
1,4,60000 milliseconds,5,20,0.0,0.06,0.1,0.1,0.06,0.02811888236340986,0.29313543599257885,Inf,114,58,0.0055658627087198514,0.0
2,4,60000 milliseconds,5,20,0.0,0.06,0.1,0.1,0.06,0.02794091475351486,0.2912801484230056,64.5,15,30,0.0055658627087198514,0.0
3,4,60000 milliseconds,5,20,0.0,0.06,0.1,0.1,0.06,0.02402562733582488,0.2504638218923933,65.5,2,4,0.0055658627087198514,0.0
4,4,60000 milliseconds,5,20,0.0,0.06,0.1,0.1,0.06,0.02811888236340986,0.29313543599257885,73.5,16,12,0.0055658627087198514,0.0
5,4,60000 milliseconds,5,20,0.0,0.06,0.1,0.1,0.06,0.03897490656700481,0.40630797773654914,85.5,24,50,0.0055658627087198514,0.0
6,4,60000 milliseconds,5,20,0.0,0.06,0.1,0.1,0.06,0.04591564335290977,0.47866419294990725,34.166666666666664,34,55,0.0055658627087198514,0.0
7,4,60000 milliseconds,5,20,0.0,0.06,0.1,0.1,0.06,0.06531411283146467,0.6808905380333952,29.5,31,141,0.0055658627087198514,0.0
8,4,60000 milliseconds,5,20,0.0,0.06,0.1,0.1,0.06,0.05018686599038975,0.5231910946196661,Inf,14,34,0.0055658627087198514,0.0
9,4,60000 milliseconds,5,20,0.0,0.06,0.1,0.1,0.06,0.044847837693539776,0.4675324675324675,Inf,0,2,0.0055658627087198514,0.0
10,4,60000 milliseconds,5,20,0.0,0.06,0.1,0.1,0.06,0.048585157501334755,0.5064935064935064,Inf,1,23,0.0055658627087198514,0.0
11,4,60000 milliseconds,5,20,0.0,0.06,0.1,0.1,0.06,0.05410215340807973,0.5640074211502782,Inf,5,53,0.0055658627087198514,0.0
12,4,60000 milliseconds,5,20,0.0,0.06,0.1,0.1,0.06,0.06371240434240968,0.6641929499072357,34.125,17,96,0.0055658627087198514,0.0
13,4,60000 milliseconds,5,20,0.0,0.06,0.1,0.1,0.06,0.08186510055169958,0.8534322820037106,24.583333333333332,22,170,0.0055658627087198514,0.0
14,4,60000 milliseconds,5,20,0.0,0.06,0.1,0.1,0.06,0.07083110873820965,0.738404452690167,50.666666666666664,9,101,0.0055658627087198514,0.0
15,4,60000 milliseconds,5,20,0.0,0.06,0.1,0.1,0.06,0.05588182950702972,0.5825602968460112,76.25,1,10,0.0055658627087198514,0.0
16,4,60000 milliseconds,5,20,0.0,0.06,0.1,0.1,0.06,0.059619149314824704,0.62152133580705,51.333333333333336,3,29,0.0055658627087198514,0.0
17,4,60000 milliseconds,5,20,0.0,0.06,0.1,0.1,0.06,0.07172094678768465,0.7476808905380334,38.625,1,100,0.0055658627087198514,0.0
18,4,60000 milliseconds,5,20,0.0,0.06,0.1,0.1,0.06,0.0786616835735896,0.8200371057513914,53.333333333333336,11,133,0.0055658627087198514,0.0
19,4,60000 milliseconds,5,20,0.0,0.06,0.1,0.1,0.06,0.08560242035949457,0.8923933209647495,Inf,9,166,0.0055658627087198514,0.0
20,4,60000 milliseconds,5,20,0.0,0.06,0.1,0.1,0.06,0.07189891439757964,0.7495361781076066,166.0,3,82,0.0055658627087198514,0.0
21,4,60000 milliseconds,5,20,0.0,0.06,0.1,0.1,0.06,0.06104289019398469,0.6363636363636364,166.0,0,18,0.0055658627087198514,0.0
22,4,60000 milliseconds,5,20,0.0,0.06,0.1,0.1,0.06,0.06228866346324969,0.6493506493506493,Inf,0,26,0.0055658627087198514,0.0
23,4,60000 milliseconds,5,20,0.0,0.06,0.1,0.1,0.06,0.0802633920626446,0.8367346938775511,169.5,7,114,0.0055658627087198514,0.0
24,4,60000 milliseconds,5,20,0.0,0.06,0.1,0.1,0.06,0.08168713294180459,0.8515769944341373,172.0,5,119,0.0055658627087198514,0.0
25,4,60000 milliseconds,5,20,0.0,0.06,0.1,0.1,0.06,0.0786616835735896,0.8200371057513914,173.0,2,100,0.0055658627087198514,0.0
26,4,60000 milliseconds,5,20,0.0,0.06,0.1,0.1,0.06,0.06424630717209467,0.6697588126159555,173.0,0,19,0.0055658627087198514,0.0
27,4,60000 milliseconds,5,20,0.0,0.06,0.1,0.1,0.06,0.06157679302366969,0.6419294990723562,173.0,0,0,0.0055658627087198514,0.0
28,4,60000 milliseconds,5,20,0.0,0.06,0.1,0.1,0.06,0.06567004805125468,0.6846011131725418,173.5,1,28,0.0055658627087198514,0.0
29,4,60000 milliseconds,5,20,0.0,0.06,0.1,0.1,0.06,0.07065314112831465,0.7365491651205937,174.5,2,50,0.0055658627087198514,0.0
30,4,60000 milliseconds,5,20,0.0,0.06,0.1,0.1,0.06,0.07794981313400962,0.8126159554730983,88.75,6,87,0.0055658627087198514,0.0
31,4,60000 milliseconds,5,20,0.0,0.06,0.1,0.1,0.06,0.08560242035949457,0.8923933209647495,90.0,5,127,0.0055658627087198514,0.0
32,4,60000 milliseconds,5,20,0.0,0.06,0.1,0.1,0.06,0.07047517351841964,0.7346938775510204,Inf,2,38,0.0055658627087198514,0.0
33,4,60000 milliseconds,5,20,0.0,0.06,0.1,0.1,0.06,0.06442427478198967,0.6716141001855288,Inf,0,1,0.0055658627087198514,0.0
34,4,60000 milliseconds,5,20,0.0,0.06,0.1,0.1,0.06,0.06851752980957465,0.7142857142857143,Inf,2,22,0.0055658627087198514,0.0
35,4,60000 milliseconds,5,20,0.0,0.06,0.1,0.1,0.06,0.07901761879337961,0.8237476808905381,Inf,3,81,0.0055658627087198514,0.0
36,4,60000 milliseconds,5,20,0.0,0.06,0.1,0.1,0.06,0.0811532301121196,0.8460111317254174,92.0,1,96,0.0055658627087198514,0.0
37,4,60000 milliseconds,5,20,0.0,0.06,0.1,0.1,0.06,0.09165331909592454,0.9554730983302412,61.833333333333336,3,153,0.0055658627087198514,0.0
38,4,60000 milliseconds,5,20,0.0,0.06,0.1,0.1,0.06,0.07100907634810465,0.7402597402597403,186.0,1,30,0.0055658627087198514,0.0
39,4,60000 milliseconds,5,20,0.0,0.06,0.1,0.1,0.06,0.06620395088093967,0.6901669758812616,186.0,0,0,0.0055658627087198514,0.0
40,4,60000 milliseconds,5,20,0.0,0.06,0.1,0.1,0.06,0.07118704395799964,0.7421150278293135,186.5,1,28,0.0055658627087198514,0.0
41,4,60000 milliseconds,5,20,0.0,0.06,0.1,0.1,0.06,0.07652607225484961,0.7977736549165121,93.25,0,65,0.0055658627087198514,0.0
42,4,60000 milliseconds,5,20,0.0,0.06,0.1,0.1,0.06,0.0820430681615946,0.8552875695732839,62.5,2,93,0.0055658627087198514,0.0
43,4,60000 milliseconds,5,20,0.0,0.06,0.1,0.1,0.06,0.08880583733760455,0.9257884972170687,47.0,1,129,0.0055658627087198514,0.0
44,4,60000 milliseconds,5,20,0.0,0.06,0.1,0.1,0.06,0.07350062288663463,0.7662337662337663,94.5,2,41,0.0055658627087198514,0.0
45,4,60000 milliseconds,5,20,0.0,0.06,0.1,0.1,0.06,0.06798362697988966,0.7087198515769945,189.0,0,4,0.0055658627087198514,0.0
46,4,60000 milliseconds,5,20,0.0,0.06,0.1,0.1,0.06,0.07154297917778964,0.7458256029684601,189.5,1,23,0.0055658627087198514,0.0
47,4,60000 milliseconds,5,20,0.0,0.06,0.1,0.1,0.06,0.0806193272824346,0.8404452690166976,190.5,2,75,0.0055658627087198514,0.0
48,4,60000 milliseconds,5,20,0.0,0.06,0.1,0.1,0.06,0.08471258231001957,0.8831168831168831,Inf,2,99,0.0055658627087198514,0.0
49,4,60000 milliseconds,5,20,0.0,0.06,0.1,0.1,0.06,0.09272112475529454,0.9666048237476809,193.5,4,144,0.0055658627087198514,0.0
50,4,60000 milliseconds,5,20,0.0,0.06,0.1,0.1,0.06,0.07812778074390461,0.8144712430426716,196.0,5,69,0.0055658627087198514,0.0
51,4,60000 milliseconds,5,20,0.0,0.06,0.1,0.1,0.06,0.07118704395799964,0.7421150278293135,196.5,1,8,0.0055658627087198514,0.0
52,4,60000 milliseconds,5,20,0.0,0.06,0.1,0.1,0.06,0.07350062288663463,0.7662337662337663,197.0,1,21,0.0055658627087198514,0.0
53,4,60000 milliseconds,5,20,0.0,0.06,0.1,0.1,0.06,0.08417867948033458,0.8775510204081632,198.0,2,82,0.0055658627087198514,0.0
54,4,60000 milliseconds,5,20,0.0,0.06,0.1,0.1,0.06,0.09236518953550454,0.9628942486085343,99.75,3,131,0.0055658627087198514,0.0
55,4,60000 milliseconds,5,20,0.0,0.06,0.1,0.1,0.06,0.10322121373909948,1.0760667903525047,67.0,3,195,0.0055658627087198514,0.0
56,4,60000 milliseconds,5,20,0.0,0.06,0.1,0.1,0.06,0.08898380494749955,0.9276437847866419,50.5,2,103,0.0055658627087198514,0.0
57,4,60000 milliseconds,5,20,0.0,0.06,0.1,0.1,0.06,0.07421249332621463,0.7736549165120594,67.33333333333333,0,13,0.0055658627087198514,0.0
58,4,60000 milliseconds,5,20,0.0,0.06,0.1,0.1,0.06,0.07581420181526963,0.7903525046382189,101.0,0,25,0.0055658627087198514,0.0
59,4,60000 milliseconds,5,20,0.0,0.06,0.1,0.1,0.06,0.08951770777718455,0.9332096474953617,67.83333333333333,3,104,0.0055658627087198514,0.0
60,4,60000 milliseconds,5,20,0.0,0.06,0.1,0.1,0.06,0.10322121373909948,1.0760667903525047,68.33333333333333,3,177,0.0055658627087198514,0.0
61,4,60000 milliseconds,5,20,0.0,0.06,0.1,0.1,0.06,0.10126357003025449,1.0556586270871986,208.5,7,157,0.0055658627087198514,0.0
62,4,60000 milliseconds,5,20,0.0,0.06,0.1,0.1,0.06,0.08916177255739455,0.9294990723562152,70.0,3,88,0.0055658627087198514,0.0
63,4,60000 milliseconds,5,20,0.0,0.06,0.1,0.1,0.06,0.07599216942516462,0.7922077922077922,210.0,0,8,0.0055658627087198514,0.0
64,4,60000 milliseconds,5,20,0.0,0.06,0.1,0.1,0.06,0.07830574835379961,0.8163265306122449,210.5,1,19,0.0055658627087198514,0.0
65,4,60000 milliseconds,5,20,0.0,0.06,0.1,0.1,0.06,0.09432283324434952,0.9833024118738405,106.0,3,110,0.0055658627087198514,0.0
66,4,60000 milliseconds,5,20,0.0,0.06,0.1,0.1,0.06,0.09645844456308952,1.0055658627087198,71.0,2,131,0.0055658627087198514,0.0
67,4,60000 milliseconds,5,20,0.0,0.06,0.1,0.1,0.06,0.09325502758497953,0.9721706864564007,Inf,0,114,0.0055658627087198514,0.0
68,4,60000 milliseconds,5,20,0.0,0.06,0.1,0.1,0.06,0.0804413596725396,0.8385899814471243,Inf,0,26,0.0055658627087198514,0.0
69,4,60000 milliseconds,5,20,0.0,0.06,0.1,0.1,0.06,0.07688200747463962,0.8014842300556586,Inf,0,8,0.0055658627087198514,0.0
70,4,60000 milliseconds,5,20,0.0,0.06,0.1,0.1,0.06,0.0784837159636946,0.8181818181818182,Inf,0,16,0.0055658627087198514,0.0
71,4,60000 milliseconds,5,20,0.0,0.06,0.1,0.1,0.06,0.08560242035949457,0.8923933209647495,Inf,0,60,0.0055658627087198514,0.0
72,4,60000 milliseconds,5,20,0.0,0.06,0.1,0.1,0.06,0.08667022601886457,0.9035250463821892,Inf,0,62,0.0055658627087198514,0.0
73,4,60000 milliseconds,5,20,0.0,0.06,0.1,0.1,0.06,0.09165331909592454,0.9554730983302412,71.33333333333333,2,98,0.0055658627087198514,0.0
74,4,60000 milliseconds,5,20,0.0,0.06,0.1,0.1,0.06,0.08222103577148959,0.8571428571428571,107.0,0,37,0.0055658627087198514,0.0
75,4,60000 milliseconds,5,20,0.0,0.06,0.1,0.1,0.06,0.07670403986474461,0.7996289424860853,214.5,1,2,0.0055658627087198514,0.0
76,4,60000 milliseconds,5,20,0.0,0.06,0.1,0.1,0.06,0.0804413596725396,0.8385899814471243,214.5,0,28,0.0055658627087198514,0.0
77,4,60000 milliseconds,5,20,0.0,0.06,0.1,0.1,0.06,0.08595835557928456,0.8961038961038961,214.5,0,59,0.0055658627087198514,0.0
78,4,60000 milliseconds,5,20,0.0,0.06,0.1,0.1,0.06,0.09040754582665955,0.9424860853432282,71.66666666666667,1,85,0.0055658627087198514,0.0
79,4,60000 milliseconds,5,20,0.0,0.06,0.1,0.1,0.06,0.09645844456308952,1.0055658627087198,108.25,3,119,0.0055658627087198514,0.0
80,4,60000 milliseconds,5,20,0.0,0.06,0.1,0.1,0.06,0.08328884143085959,0.8682745825602969,108.5,1,36,0.0055658627087198514,0.0
81,4,60000 milliseconds,5,20,0.0,0.06,0.1,0.1,0.06,0.07794981313400962,0.8126159554730983,108.5,0,5,0.0055658627087198514,0.0
82,4,60000 milliseconds,5,20,0.0,0.06,0.1,0.1,0.06,0.0809752625022246,0.8441558441558441,108.5,0,22,0.0055658627087198514,0.0
83,4,60000 milliseconds,5,20,0.0,0.06,0.1,0.1,0.06,0.08827193450791956,0.9202226345083488,218.0,2,63,0.0055658627087198514,0.0
84,4,60000 milliseconds,5,20,0.0,0.06,0.1,0.1,0.06,0.09272112475529454,0.9666048237476809,109.75,3,94,0.0055658627087198514,0.0
85,4,60000 milliseconds,5,20,0.0,0.06,0.1,0.1,0.06,0.10250934329951948,1.0686456400742115,31.5,2,147,0.0055658627087198514,0.0
86,4,60000 milliseconds,5,20,0.0,0.06,0.1,0.1,0.06,0.08809396689802455,0.9183673469387755,27.5625,0,59,0.0055658627087198514,0.0
87,4,60000 milliseconds,5,20,0.0,0.06,0.1,0.1,0.06,0.07901761879337961,0.8237476808905381,36.75,0,3,0.0055658627087198514,0.0
88,4,60000 milliseconds,5,20,0.0,0.06,0.1,0.1,0.06,0.08222103577148959,0.8571428571428571,44.2,1,27,0.0055658627087198514,0.0
89,4,60000 milliseconds,5,20,0.0,0.06,0.1,0.1,0.06,0.09040754582665955,0.9424860853432282,37.0,2,72,0.0055658627087198514,0.0
90,4,60000 milliseconds,5,20,0.0,0.06,0.1,0.1,0.06,0.09734828261256451,1.0148423005565863,223.0,2,106,0.0055658627087198514,0.0
91,4,60000 milliseconds,5,20,0.0,0.06,0.1,0.1,0.06,0.10446698700836447,1.0890538033395176,56.5,6,140,0.0055658627087198514,0.0
92,4,60000 milliseconds,5,20,0.0,0.06,0.1,0.1,0.06,0.08738209645844457,0.9109461966604824,45.2,0,42,0.0055658627087198514,0.0
93,4,60000 milliseconds,5,20,0.0,0.06,0.1,0.1,0.06,0.0811532301121196,0.8460111317254174,56.5,0,4,0.0055658627087198514,0.0
94,4,60000 milliseconds,5,20,0.0,0.06,0.1,0.1,0.06,0.08489054991991457,0.8849721706864564,45.4,2,28,0.0055658627087198514,0.0
95,4,60000 milliseconds,5,20,0.0,0.06,0.1,0.1,0.06,0.09521267129382452,0.9925788497217068,32.57142857142857,2,81,0.0055658627087198514,0.0
96,4,60000 milliseconds,5,20,0.0,0.06,0.1,0.1,0.06,0.09717031500266951,1.0129870129870129,38.166666666666664,2,94,0.0055658627087198514,0.0
97,4,60000 milliseconds,5,20,0.0,0.06,0.1,0.1,0.06,0.11122975618437445,1.1595547309833023,32.785714285714285,1,171,0.0055658627087198514,0.0
98,4,60000 milliseconds,5,20,0.0,0.06,0.1,0.1,0.06,0.0994838939313045,1.0371057513914657,114.75,0,107,0.0055658627087198514,0.0
99,4,60000 milliseconds,5,20,0.0,0.06,0.1,0.1,0.06,0.08239900338138459,0.8589981447124304,114.75,0,4,0.0055658627087198514,0.0
100,4,60000 milliseconds,5,20,0.0,0.06,0.1,0.1,0.06,0.08631429079907457,0.8998144712430427,114.75,0,27,0.0055658627087198514,0.0
101,4,60000 milliseconds,5,20,0.0,0.06,0.1,0.1,0.06,0.09592454173340452,1.0,76.5,0,86,0.0055658627087198514,0.0
102,4,60000 milliseconds,5,20,0.0,0.06,0.1,0.1,0.06,0.10375511656878449,1.0816326530612246,77.0,3,128,0.0055658627087198514,0.0
103,4,60000 milliseconds,5,20,0.0,0.06,0.1,0.1,0.06,0.10215340807972949,1.0649350649350648,58.0,2,115,0.0055658627087198514,0.0
104,4,60000 milliseconds,5,20,0.0,0.06,0.1,0.1,0.06,0.09610250934329952,1.0018552875695732,46.4,0,79,0.0055658627087198514,0.0
105,4,60000 milliseconds,5,20,0.0,0.06,0.1,0.1,0.06,0.08364477665064958,0.8719851576994434,58.0,0,7,0.0055658627087198514,0.0
106,4,60000 milliseconds,5,20,0.0,0.06,0.1,0.1,0.06,0.08595835557928456,0.8961038961038961,58.0,0,19,0.0055658627087198514,0.0
107,4,60000 milliseconds,5,20,0.0,0.06,0.1,0.1,0.06,0.09628047695319451,1.0037105751391466,58.25,2,79,0.0055658627087198514,0.0
108,4,60000 milliseconds,5,20,0.0,0.06,0.1,0.1,0.06,0.0982381206620395,1.0241187384044528,58.375,1,90,0.0055658627087198514,0.0
109,4,60000 milliseconds,5,20,0.0,0.06,0.1,0.1,0.06,0.10286527851930949,1.072356215213358,46.7,0,116,0.0055658627087198514,0.0
110,4,60000 milliseconds,5,20,0.0,0.06,0.1,0.1,0.06,0.09343299519487454,0.974025974025974,77.83333333333333,0,62,0.0055658627087198514,0.0
111,4,60000 milliseconds,5,20,0.0,0.06,0.1,0.1,0.06,0.08400071187043957,0.87569573283859,233.5,0,5,0.0055658627087198514,0.0
112,4,60000 milliseconds,5,20,0.0,0.06,0.1,0.1,0.06,0.08542445274959957,0.8905380333951762,116.75,0,14,0.0055658627087198514,0.0
113,4,60000 milliseconds,5,20,0.0,0.06,0.1,0.1,0.06,0.1005516995906745,1.0482374768089053,77.83333333333333,0,104,0.0055658627087198514,0.0
114,4,60000 milliseconds,5,20,0.0,0.06,0.1,0.1,0.06,0.09859405588182951,1.0278293135435992,116.75,0,97,0.0055658627087198514,0.0
115,4,60000 milliseconds,5,20,0.0,0.06,0.1,0.1,0.06,0.09752625022245952,1.0166975881261595,235.0,3,86,0.0055658627087198514,0.0
116,4,60000 milliseconds,5,20,0.0,0.06,0.1,0.1,0.06,0.08809396689802455,0.9183673469387755,78.33333333333333,0,28,0.0055658627087198514,0.0
117,4,60000 milliseconds,5,20,0.0,0.06,0.1,0.1,0.06,0.08489054991991457,0.8849721706864564,78.33333333333333,0,8,0.0055658627087198514,0.0
118,4,60000 milliseconds,5,20,0.0,0.06,0.1,0.1,0.06,0.08862786972770956,0.9239332096474954,78.33333333333333,0,29,0.0055658627087198514,0.0
119,4,60000 milliseconds,5,20,0.0,0.06,0.1,0.1,0.06,0.09681437978287952,1.0092764378478665,117.75,1,73,0.0055658627087198514,0.0
120,4,60000 milliseconds,5,20,0.0,0.06,0.1,0.1,0.06,0.09663641217298452,1.007421150278293,118.0,1,76,0.0055658627087198514,0.0
121,4,60000 milliseconds,5,20,0.0,0.06,0.1,0.1,0.06,0.10233137568962448,1.0667903525046383,59.0,0,110,0.0055658627087198514,0.0
122,4,60000 milliseconds,5,20,0.0,0.06,0.1,0.1,0.06,0.09200925431571454,0.9591836734693877,39.416666666666664,1,46,0.0055658627087198514,0.0
123,4,60000 milliseconds,5,20,0.0,0.06,0.1,0.1,0.06,0.08506851752980958,0.8868274582560297,59.125,0,6,0.0055658627087198514,0.0
124,4,60000 milliseconds,5,20,0.0,0.06,0.1,0.1,0.06,0.08809396689802455,0.9183673469387755,59.125,0,25,0.0055658627087198514,0.0
125,4,60000 milliseconds,5,20,0.0,0.06,0.1,0.1,0.06,0.09539063890371953,0.9944341372912802,47.4,1,64,0.0055658627087198514,0.0
126,4,60000 milliseconds,5,20,0.0,0.06,0.1,0.1,0.06,0.1005516995906745,1.0482374768089053,47.7,3,97,0.0055658627087198514,0.0
127,4,60000 milliseconds,5,20,0.0,0.06,0.1,0.1,0.06,0.10873820964584445,1.1335807050092765,29.9375,2,143,0.0055658627087198514,0.0
128,4,60000 milliseconds,5,20,0.0,0.06,0.1,0.1,0.06,0.09307705997508453,0.9703153988868275,47.9,0,48,0.0055658627087198514,0.0
129,4,60000 milliseconds,5,20,0.0,0.06,0.1,0.1,0.06,0.08613632318917958,0.8979591836734694,48.0,1,4,0.0055658627087198514,0.0
130,4,60000 milliseconds,5,20,0.0,0.06,0.1,0.1,0.06,0.08951770777718455,0.9332096474953617,48.0,0,26,0.0055658627087198514,0.0
131,4,60000 milliseconds,5,20,0.0,0.06,0.1,0.1,0.06,0.09592454173340452,1.0,48.0,0,64,0.0055658627087198514,0.0
132,4,60000 milliseconds,5,20,0.0,0.06,0.1,0.1,0.06,0.1000177967609895,1.0426716141001855,60.125,1,88,0.0055658627087198514,0.0
133,4,60000 milliseconds,5,20,0.0,0.06,0.1,0.1,0.06,0.11283146467342943,1.176252319109462,34.42857142857143,1,163,0.0055658627087198514,0.0
134,4,60000 milliseconds,5,20,0.0,0.06,0.1,0.1,0.06,0.09307705997508453,0.9703153988868275,34.42857142857143,0,44,0.0055658627087198514,0.0
135,4,60000 milliseconds,5,20,0.0,0.06,0.1,0.1,0.06,0.08702616123865456,0.9072356215213359,34.42857142857143,0,7,0.0055658627087198514,0.0
136,4,60000 milliseconds,5,20,0.0,0.06,0.1,0.1,0.06,0.08880583733760455,0.9257884972170687,30.125,0,20,0.0055658627087198514,0.0
137,4,60000 milliseconds,5,20,0.0,0.06,0.1,0.1,0.06,0.09770421783235451,1.018552875695733,30.1875,1,71,0.0055658627087198514,0.0
138,4,60000 milliseconds,5,20,0.0,0.06,0.1,0.1,0.06,0.10535682505783947,1.098330241187384,30.5,5,108,0.0055658627087198514,0.0
139,4,60000 milliseconds,5,20,0.0,0.06,0.1,0.1,0.06,0.1188823634098594,1.2393320964749537,22.318181818181817,3,188,0.0055658627087198514,0.0
140,4,60000 milliseconds,5,20,0.0,0.06,0.1,0.1,0.06,0.10962804769531945,1.1428571428571428,30.8125,2,130,0.0055658627087198514,0.0
141,4,60000 milliseconds,5,20,0.0,0.06,0.1,0.1,0.06,0.08880583733760455,0.9257884972170687,49.3,0,6,0.0055658627087198514,0.0
142,4,60000 milliseconds,5,20,0.0,0.06,0.1,0.1,0.06,0.09307705997508453,0.9703153988868275,41.083333333333336,0,30,0.0055658627087198514,0.0
143,4,60000 milliseconds,5,20,0.0,0.06,0.1,0.1,0.06,0.10909414486563446,1.137291280148423,41.25,2,125,0.0055658627087198514,0.0
144,4,60000 milliseconds,5,20,0.0,0.06,0.1,0.1,0.06,0.10962804769531945,1.1428571428571428,35.5,2,125,0.0055658627087198514,0.0
145,4,60000 milliseconds,5,20,0.0,0.06,0.1,0.1,0.06,0.11710268731090942,1.2207792207792207,31.0625,0,172,0.0055658627087198514,0.0
146,4,60000 milliseconds,5,20,0.0,0.06,0.1,0.1,0.06,0.10393308417867948,1.0834879406307978,41.416666666666664,0,92,0.0055658627087198514,0.0
147,4,60000 milliseconds,5,20,0.0,0.06,0.1,0.1,0.06,0.08987364299697455,0.9369202226345084,49.7,0,10,0.0055658627087198514,0.0
148,4,60000 milliseconds,5,20,0.0,0.06,0.1,0.1,0.06,0.09343299519487454,0.974025974025974,49.7,0,30,0.0055658627087198514,0.0
149,4,60000 milliseconds,5,20,0.0,0.06,0.1,0.1,0.06,0.10998398291510945,1.1465677179962894,49.8,1,129,0.0055658627087198514,0.0
150,4,60000 milliseconds,5,20,0.0,0.06,0.1,0.1,0.06,0.11211959423384944,1.1688311688311688,50.1,3,136,0.0055658627087198514,0.0
151,4,60000 milliseconds,5,20,0.0,0.06,0.1,0.1,0.06,0.10500088983804948,1.0946196660482375,62.625,0,102,0.0055658627087198514,0.0
152,4,60000 milliseconds,5,20,0.0,0.06,0.1,0.1,0.06,0.09254315714539954,0.9647495361781077,62.75,1,20,0.0055658627087198514,0.0
153,4,60000 milliseconds,5,20,0.0,0.06,0.1,0.1,0.06,0.08969567538707955,0.935064935064935,62.75,0,2,0.0055658627087198514,0.0
154,4,60000 milliseconds,5,20,0.0,0.06,0.1,0.1,0.06,0.09521267129382452,0.9925788497217068,62.875,1,32,0.0055658627087198514,0.0
155,4,60000 milliseconds,5,20,0.0,0.06,0.1,0.1,0.06,0.09859405588182951,1.0278293135435992,62.875,0,56,0.0055658627087198514,0.0
156,4,60000 milliseconds,5,20,0.0,0.06,0.1,0.1,0.06,0.10464495461825948,1.0909090909090908,84.16666666666667,2,87,0.0055658627087198514,0.0
157,4,60000 milliseconds,5,20,0.0,0.06,0.1,0.1,0.06,0.11336536750311443,1.1818181818181819,28.22222222222222,3,133,0.0055658627087198514,0.0
158,4,60000 milliseconds,5,20,0.0,0.06,0.1,0.1,0.06,0.09645844456308952,1.0055658627087198,63.75,2,35,0.0055658627087198514,0.0
159,4,60000 milliseconds,5,20,0.0,0.06,0.1,0.1,0.06,0.09111941626623954,0.9499072356215214,63.75,0,2,0.0055658627087198514,0.0
160,4,60000 milliseconds,5,20,0.0,0.06,0.1,0.1,0.06,0.09574657412350952,0.9981447124304267,51.0,0,31,0.0055658627087198514,0.0
161,4,60000 milliseconds,5,20,0.0,0.06,0.1,0.1,0.06,0.1005516995906745,1.0482374768089053,51.2,2,60,0.0055658627087198514,0.0
162,4,60000 milliseconds,5,20,0.0,0.06,0.1,0.1,0.06,0.11051788574479444,1.1521335807050093,64.375,3,118,0.0055658627087198514,0.0
163,4,60000 milliseconds,5,20,0.0,0.06,0.1,0.1,0.06,0.12208578038796938,1.2727272727272727,85.83333333333333,0,181,0.0055658627087198514,0.0
164,4,60000 milliseconds,5,20,0.0,0.06,0.1,0.1,0.06,0.10268731090941449,1.0705009276437847,64.375,0,64,0.0055658627087198514,0.0
165,4,60000 milliseconds,5,20,0.0,0.06,0.1,0.1,0.06,0.09200925431571454,0.9591836734693877,128.75,0,2,0.0055658627087198514,0.0
166,4,60000 milliseconds,5,20,0.0,0.06,0.1,0.1,0.06,0.09645844456308952,1.0055658627087198,128.75,0,33,0.0055658627087198514,0.0
167,4,60000 milliseconds,5,20,0.0,0.06,0.1,0.1,0.06,0.10322121373909948,1.0760667903525047,129.0,1,77,0.0055658627087198514,0.0
168,4,60000 milliseconds,5,20,0.0,0.06,0.1,0.1,0.06,0.10802633920626446,1.1261595547309833,129.75,3,96,0.0055658627087198514,0.0
169,4,60000 milliseconds,5,20,0.0,0.06,0.1,0.1,0.06,0.11834846058017441,1.2337662337662338,129.75,0,163,0.0055658627087198514,0.0
170,4,60000 milliseconds,5,20,0.0,0.06,0.1,0.1,0.06,0.0996618615411995,1.0389610389610389,130.0,1,42,0.0055658627087198514,0.0
171,4,60000 milliseconds,5,20,0.0,0.06,0.1,0.1,0.06,0.09378893041466453,0.9777365491651205,130.0,0,9,0.0055658627087198514,0.0
172,4,60000 milliseconds,5,20,0.0,0.06,0.1,0.1,0.06,0.0991279587115145,1.033395176252319,86.83333333333333,1,44,0.0055658627087198514,0.0
173,4,60000 milliseconds,5,20,0.0,0.06,0.1,0.1,0.06,0.10393308417867948,1.0834879406307978,87.33333333333333,3,64,0.0055658627087198514,0.0
174,4,60000 milliseconds,5,20,0.0,0.06,0.1,0.1,0.06,0.11318739989321944,1.1799628942486085,65.5,0,121,0.0055658627087198514,0.0
175,4,60000 milliseconds,5,20,0.0,0.06,0.1,0.1,0.06,0.12439935931660438,1.2968460111317255,37.642857142857146,3,183,0.0055658627087198514,0.0
176,4,60000 milliseconds,5,20,0.0,0.06,0.1,0.1,0.06,0.10500088983804948,1.0946196660482375,52.7,0,68,0.0055658627087198514,0.0
177,4,60000 milliseconds,5,20,0.0,0.06,0.1,0.1,0.06,0.09539063890371953,0.9944341372912802,66.0,1,8,0.0055658627087198514,0.0
178,4,60000 milliseconds,5,20,0.0,0.06,0.1,0.1,0.06,0.0984160882719345,1.025974025974026,88.0,0,28,0.0055658627087198514,0.0
179,4,60000 milliseconds,5,20,0.0,0.06,0.1,0.1,0.06,0.10731446876668446,1.1187384044526902,132.0,0,78,0.0055658627087198514,0.0
180,4,60000 milliseconds,5,20,0.0,0.06,0.1,0.1,0.06,0.11532301121195943,1.202226345083488,44.083333333333336,1,130,0.0055658627087198514,0.0
181,4,60000 milliseconds,5,20,0.0,0.06,0.1,0.1,0.06,0.12493326214628937,1.3024118738404453,33.3125,4,178,0.0055658627087198514,0.0
182,4,60000 milliseconds,5,20,0.0,0.06,0.1,0.1,0.06,0.11354333511300943,1.183673469387755,44.416666666666664,0,112,0.0055658627087198514,0.0
183,4,60000 milliseconds,5,20,0.0,0.06,0.1,0.1,0.06,0.09645844456308952,1.0055658627087198,66.75,1,10,0.0055658627087198514,0.0
184,4,60000 milliseconds,5,20,0.0,0.06,0.1,0.1,0.06,0.1016195052500445,1.059369202226345,67.0,2,37,0.0055658627087198514,0.0
185,4,60000 milliseconds,5,20,0.0,0.06,0.1,0.1,0.06,0.1179925253603844,1.2300556586270872,44.833333333333336,2,135,0.0055658627087198514,0.0
186,4,60000 milliseconds,5,20,0.0,0.06,0.1,0.1,0.06,0.1195942338494394,1.2467532467532467,38.5,1,139,0.0037105751391465678,0.0
